Workbook
Name adm0_list: _xlfn.ANCHORARRAY(_validation!$B$3)
Name boolean_flag: _validation!$G$3:$G$4
Name CountrySelected: '1. Describe Your Emergency'!$A$1
Name IndicatorsDefined: '2. Define Indicators'!$A$1
Name pillars_var: _validation!$D$4:$D$6
Name status_var: _validation!$I$4:$I$9
Name tbl_pill_weights: '4. Define Weights'!$B$9:$C$13
Name WeightsDefined: '4. Define Weights'!$A$1

Sheet Instructions
B2: Description:
B3: This workbook provides a quantitative framework for assessing public health risk related to extreme temperature conditions in acute emergency settings. It is designed to support operational preparedness and response planning across different climates and seasonal contexts, enabling analysts to examine how exposure, vulnerability, and coping capacity interact to shape subnational-level risk. The tool applies a composite indicator methodology, allowing users to replicate, adapt, and iterate the model for repeated assessments or for use in other settings. To inform preparedness and response decision-making, the model integrates multiple indicators drawn from environmental, demographic, socioeconomic, and health-related datasets. These indicators are organized under three analytical pillars: Exposure – e.g. climate and environmental factors Vulnerability – e.g. population characteristics and socioeconomic conditions Coping Capacity – e.g. access to services, institutional resilience, and infrastructure-related factors Each indicator contributes to an overall subnational-level score reflecting relative risk. By adjusting indicator selection and weighting, analysts can explore alternative risk configurations and assess the sensitivity of results under different assumptions. This tool is designed for prioritization within a single assessment. Scores are relative rankings among subnational areas, meant to guide where to focus limited preparedness resources ahead of a season. It is intended primarily for national ministries of health and public health authorities responsible for seasonal preparedness and response planning, supported by WHO country offices and technical partners.
B6: The tool includes the following tabs: 1. Describe Your Emergency – Define the emergency context, including location, time of assessment, and team. 2. Define Indicators – Select indicators for each pillar. Document your sources, assess data availability, and record decisions about what to include or exclude. 3. Enter Indicator Scores – Input normalized scores for each indicator at the sub-national level. 4. Define Weights – Assign relative weights to each pillar and indicator based on analytical priorities or expert judgment. See that tab's instructions for exactly how weights combine into the Composite Risk Score. 5. Weighted Indicator Scores – Review the calculated weighted scores for each indicator. 6. Composite Risk Scores – View the final subnational-level risk scores and explore results. Export result for mapping in R or GIS. 7. Indicator Correlations – Automatically checks whether any two selected indicators are redundant, using pairwise correlations across subnational units. No manual input required. Geographic Reference – Country and subnational area lookup used elsewhere in the workbook. ISO-3 and OCHA P-codes to support linkage with GIS and external datasets. Throughout this workbook, any use of the word "country" should be considered shorthand for a country, area, or territory.
B7: Before getting started: - Modify only the designated input cells (highlighted in light grey). Do not rename or delete tabs, headers, or key column; inter-sheet formulas depend on these structures. - Verify that all weights sum to 1.00 (or 100%) before interpreting results. - Save a copy before making structural edits to protect dependencies.
B8: Explore results online: Once you have completed this workbook, you can generate a map of the results and visualize how weighting choices affect the risk scores by uploading it to the WHO Seasonal Risk Assessment Shiny web app.
B10: © WHO 2026. Some rights reserved. This work is available under the CC BY-NC-SA 3.0 IGO licence.

Sheet 1. Describe Your Emergency
A1: =$D$6<>"" -> FALSE
B2: Step 1. Describe Your Acute Emergency
C3: What is the context of your acute emergency?
C4: Instuctions: For each question, input your answer to briefly address the question.
C5: 1. Acute Emergency Name
C6: 2. Country / Territory
C7: 3. WHO Region
C8: 4. Date of Risk Assessment
C9: 6. Description of Acute Emergency
C10: 5. Assessment Team Members and Role (i.e. leader etc.)
C16: © WHO 2026. Some rights reserved. This work is available under the CC BY-NC-SA 3.0 IGO licence.

Sheet 2. Define Indicators
A1: =COUNTA('2. Define Indicators'!$E9:$E112)>0 -> FALSE
C2: Step 2. Define Indicators
C3: Which indicators are relevant, available, and appropriate to include?
C4: Instructions: For each indicator, document the following: - Pillar / Subpillar: Classify the indicator under one of the three pillars (Exposure, Vulnerability, Coping Capacity) and its subpillar grouping. - Data Available: Indicate (True/False) whether data exists and is accessible for this indicator. - Data Source: Specify the origin of the data (e.g., agency, ministry, dataset name). - Filename / URL: Record the specific file name or link where the underlying data can be found. - Time Period: Note the reference period the data covers. - Include: Indicate (True/False) whether the indicator should be incorporated into the model, based on relevance, data quality, and distinctness. - Rationale: Explain the reason why the indicator was kept or dropped. - Normalization Procedure: Describe how the data will be processed, including normalization or transformation (e.g., scaling, binning). - Status: Track the indicator's workflow stage (Proposed, Source Confirmed, Method Defined, Final, Excluded, Needs Refresh). - Comments: Add any other notes relevant to the indicator.
C5: Guidance for review and additions: - Ensure each indicator provides distinct, meaningful information; avoid duplication. - Engage experts on the ground or in the field to validate that each indicator matters and that no key indicators are missing. - To propose a new indicator, add a new row. - To rename an existing indicator, edit the label only. - Do not reuse an existing indicator row for a different concept. - This sheet accommodates up to 30 indicators total. In practice, far fewer (typically 8-15 well-justified indicators across the three pillars) is advised. Adding too many indicators tends to dilute interpretability and introduce redundancy between correlated indicators; use the "7. Indicator Correlations" sheet to check for this before adding more.
C6: Guidance on normalization: - Use one scaling approach for all indicators – discrete (e.g. quintile bins, 1-5) or continuous (e.g. min-max/z-score, 0-1) – not a mix; mixing is strongly discouraged, since it distorts each indicator's relative contribution and undermines comparability. Discrete is more robust to outliers but ties regions within a bin and shifts the ranking in step-wise jumps as weights change; continuous preserves real differences and responds smoothly to weight changes, but is more outlier-sensitive. - Fix the method before entering scores in Step 3; re-normalize all units if it changes later.
B8: Indicator ID | C8: Indicator | D8: Subpillar | E8: Pillar | F8: Data Available | G8: Data Source | H8: Filename / URL | I8: Time Period | J8: Include | K8: Rationale | L8: Normalization Procedure | M8: Status | N8: Comments
B9: {="IND_" & _xlfn.SWITCH(E9, "Exposure","EXP", "Vulnerability","VUL", "Coping Capacity","COP", "UNK" ) & "_" & TEXT( COUNTIF($E$9:E9, E9), "00")} -> IND_UNK_00
B10: {="IND_" & _xlfn.SWITCH(E10, "Exposure","EXP", "Vulnerability","VUL", "Coping Capacity","COP", "UNK" ) & "_" & TEXT( COUNTIF($E$9:E10, E10), "00")} -> IND_UNK_00
B11: {="IND_" & _xlfn.SWITCH(E11, "Exposure","EXP", "Vulnerability","VUL", "Coping Capacity","COP", "UNK" ) & "_" & TEXT( COUNTIF($E$9:E11, E11), "00")} -> IND_UNK_00
B12: {="IND_" & _xlfn.SWITCH(E12, "Exposure","EXP", "Vulnerability","VUL", "Coping Capacity","COP", "UNK" ) & "_" & TEXT( COUNTIF($E$9:E12, E12), "00")} -> IND_UNK_00
B13: {="IND_" & _xlfn.SWITCH(E13, "Exposure","EXP", "Vulnerability","VUL", "Coping Capacity","COP", "UNK" ) & "_" & TEXT( COUNTIF($E$9:E13, E13), "00")} -> IND_UNK_00
B14: {="IND_" & _xlfn.SWITCH(E14, "Exposure","EXP", "Vulnerability","VUL", "Coping Capacity","COP", "UNK" ) & "_" & TEXT( COUNTIF($E$9:E14, E14), "00")} -> IND_UNK_00
B15: {="IND_" & _xlfn.SWITCH(E15, "Exposure","EXP", "Vulnerability","VUL", "Coping Capacity","COP", "UNK" ) & "_" & TEXT( COUNTIF($E$9:E15, E15), "00")} -> IND_UNK_00
B16: {="IND_" & _xlfn.SWITCH(E16, "Exposure","EXP", "Vulnerability","VUL", "Coping Capacity","COP", "UNK" ) & "_" & TEXT( COUNTIF($E$9:E16, E16), "00")} -> IND_UNK_00
B17: {="IND_" & _xlfn.SWITCH(E17, "Exposure","EXP", "Vulnerability","VUL", "Coping Capacity","COP", "UNK" ) & "_" & TEXT( COUNTIF($E$9:E17, E17), "00")} -> IND_UNK_00
B18: {="IND_" & _xlfn.SWITCH(E18, "Exposure","EXP", "Vulnerability","VUL", "Coping Capacity","COP", "UNK" ) & "_" & TEXT( COUNTIF($E$9:E18, E18), "00")} -> IND_UNK_00
B19: {="IND_" & _xlfn.SWITCH(E19, "Exposure","EXP", "Vulnerability","VUL", "Coping Capacity","COP", "UNK" ) & "_" & TEXT( COUNTIF($E$9:E19, E19), "00")} -> IND_UNK_00
B20: {="IND_" & _xlfn.SWITCH(E20, "Exposure","EXP", "Vulnerability","VUL", "Coping Capacity","COP", "UNK" ) & "_" & TEXT( COUNTIF($E$9:E20, E20), "00")} -> IND_UNK_00
... B38: {="IND_" & _xlfn.SWITCH(E38, "Exposure","EXP", "Vulnerability","VUL", "Coping Capacity","COP", "UNK" ) & "_" & TEXT( COUNTIF($E$9:E38, E38), "00")} -> IND_UNK_00
C42: © WHO 2026. Some rights reserved. This work is available under the CC BY-NC-SA 3.0 IGO licence.

Sheet 3. Enter Indicator Scores
B2: Step 3. Enter Indicator Scores
B3: What are the indicator scores for each subnational area?
B4: Instructions: For each indicator selected (marked "Include" in Step 2), enter scores for every subnational unit. Guidance for filling in the values: - Apply each indicator's normalization method (from Step 2) consistently across all units, using the same scaling approach ( discrete or continuous) for every indicator. - Ensure consistent directionality (e.g., higher scores should indicate higher risk). - Leave cells blank only if data is unavailable; document any gaps in Step 2.
B5: =IF(IndicatorsDefined,"","First define indicators in Step 2. Once at least one indicator is selected, a table will appear here where you can enter indicator scores for each subnational unit.") -> First define indicators in Step 2. Once at least one indicator is selected, a table will appear here where you can enter indicator scores for each subnational unit.
D7: =IF( D$9="", "", _xlfn.XLOOKUP( D$9, tbl_define_indicators[Indicator ID], tbl_define_indicators[Pillar] ) ) | E7: =IF( E$9="", "", _xlfn.XLOOKUP( E$9, tbl_define_indicators[Indicator ID], tbl_define_indicators[Pillar] ) ) | F7: =IF( F$9="", "", _xlfn.XLOOKUP( F$9, tbl_define_indicators[Indicator ID], tbl_define_indicators[Pillar] ) ) | G7: =IF( G$9="", "", _xlfn.XLOOKUP( G$9, tbl_define_indicators[Indicator ID], tbl_define_indicators[Pillar] ) ) | H7: =IF( H$9="", "", _xlfn.XLOOKUP( H$9, tbl_define_indicators[Indicator ID], tbl_define_indicators[Pillar] ) ) | I7: =IF( I$9="", "", _xlfn.XLOOKUP( I$9, tbl_define_indicators[Indicator ID], tbl_define_indicators[Pillar] ) ) | J7: =IF( J$9="", "", _xlfn.XLOOKUP( J$9, tbl_define_indicators[Indicator ID], tbl_define_indicators[Pillar] ) ) | K7: =IF( K$9="", "", _xlfn.XLOOKUP( K$9, tbl_define_indicators[Indicator ID], tbl_define_indicators[Pillar] ) ) | ... CZ7: =IF( CZ$9="", "", _xlfn.XLOOKUP( CZ$9, tbl_define_indicators[Indicator ID], tbl_define_indicators[Pillar] ) )
B8: Country / Territory | C8: Subnational Level | D8: =IF( D$9="", "", _xlfn.XLOOKUP( D$9, tbl_define_indicators[Indicator ID], tbl_define_indicators[Indicator] ) ) | E8: =IF( E$9="", "", _xlfn.XLOOKUP( E$9, tbl_define_indicators[Indicator ID], tbl_define_indicators[Indicator] ) ) | F8: =IF( F$9="", "", _xlfn.XLOOKUP( F$9, tbl_define_indicators[Indicator ID], tbl_define_indicators[Indicator] ) ) | G8: =IF( G$9="", "", _xlfn.XLOOKUP( G$9, tbl_define_indicators[Indicator ID], tbl_define_indicators[Indicator] ) ) | H8: =IF( H$9="", "", _xlfn.XLOOKUP( H$9, tbl_define_indicators[Indicator ID], tbl_define_indicators[Indicator] ) ) | I8: =IF( I$9="", "", _xlfn.XLOOKUP( I$9, tbl_define_indicators[Indicator ID], tbl_define_indicators[Indicator] ) ) | J8: =IF( J$9="", "", _xlfn.XLOOKUP( J$9, tbl_define_indicators[Indicator ID], tbl_define_indicators[Indicator] ) ) | K8: =IF( K$9="", "", _xlfn.XLOOKUP( K$9, tbl_define_indicators[Indicator ID], tbl_define_indicators[Indicator] ) ) | ... CZ8: =IF( CZ$9="", "", _xlfn.XLOOKUP( CZ$9, tbl_define_indicators[Indicator ID], tbl_define_indicators[Indicator] ) )
D9: {=IF( IndicatorsDefined, TRANSPOSE( _xlfn._xlws.FILTER( tbl_define_indicators[Indicator ID], tbl_define_indicators[Include]=TRUE ) ), "" )}
B10: {=IF( AND(CountrySelected, IndicatorsDefined), _xlfn._xlws.FILTER( tbl_geo[Country / Territory], tbl_geo[Country / Territory]='1. Describe Your Emergency'!$D$6 ), "" )} | C10: {=IF( AND(CountrySelected, IndicatorsDefined), _xlfn._xlws.FILTER( tbl_geo[Subnational Level], tbl_geo[Country / Territory]='1. Describe Your Emergency'!$D$6 ), "" )}

Sheet 4. Define Weights
A1: =AND( ABS(C13-1)<0.001, ABS(L13-1)<0.001 ) -> FALSE
B2: Step 4. Define Weights
B3: How should the relative importance of each Pillar and Indicator be weighted?
B4: Instructions: - Assign a weight to each pillar and to each indicator. - Pillar weights must sum to 1.00 overall. - Indicator weights must sum to 1.00 within each pillar. Guidance on weighting: - Default to equal weights unless there's a documented basis for differentiating them. - Non-equal weights require a rationale in Step 2's "Rationale" column (e.g., expert elicitation, empirical evidence, or policy relevance) not just a passed sum-to-100% check. - Check Step 7 (Indicator Correlations) before finalizing; don't assign separate weight to indicators correlated at |r| ≥ 0.8. - Sensitivity-test the ranking with the app's weight sliders; flag results as fragile if small weight changes flip it.
B5: How weights become the Composite Risk Score: - Within each pillar: Pillar Score = Σ (Indicator Weight × Indicator Score). - Across pillars: Composite Risk Score = Σ (Pillar Weight × Pillar Score). - An indicator's total contribution to the Composite Risk Score is its Overall Weight (column I) = Pillar Weight × Indicator Weight. Worked example: if Exposure's pillar weight is 30% and one of its indicators has an indicator weight of 40%, that indicator's Overall Weight is 30% × 40% = 12% of the Composite Risk Score.
B6: =IF(IndicatorsDefined,"","First define indicators in Step 2. Once at least one indicator is selected, tables will appear here where you can enter pillar and indicator weights.") -> First define indicators in Step 2. Once at least one indicator is selected, tables will appear here where you can enter pillar and indicator weights.
B8: Step 4A. Define Pillar Weights (must sum to 100%) | F8: Step 4B. Define Indicator Weights | K8: Step 4C. Validate Indicator Weights (must sum to 100%)
B9: Pillar | C9: Pillar Weight | E9: Indicator ID | F9: Indicator | G9: Pillar | H9: Indicator Weight | I9: Overall Weight | K9: Pillar | L9: Sum
B10: Exposure | E10: {=_xlfn._xlws.FILTER( tbl_define_indicators[Indicator ID], tbl_define_indicators[Include]=TRUE )} -> #VALUE! | F10: {=IF( IndicatorsDefined, _xlfn._xlws.FILTER( CHOOSE({1,2}, tbl_define_indicators[Indicator], tbl_define_indicators[Pillar] ), tbl_define_indicators[Include]=TRUE ), "" )} | I10: =IF( OR($G10="",$H10=""), "", $H10*_xlfn.XLOOKUP($G10,'4. Define Weights'!$B$10:$B$13,'4. Define Weights'!$C$10:$C$13 ) ) | K10: Exposure | L10: =SUMIF($G$10:$G$101, K10,$H$10:$H$101 ) -> 0
B11: Vulnerability | I11: =IF( OR($G11="",$H11=""), "", $H11*_xlfn.XLOOKUP($G11,'4. Define Weights'!$B$10:$B$13,'4. Define Weights'!$C$10:$C$13 ) ) | K11: Vulnerability | L11: =SUMIF($G$10:$G$101, K11,$H$10:$H$101 ) -> 0
B12: Coping Capacity | I12: =IF( OR($G12="",$H12=""), "", $H12*_xlfn.XLOOKUP($G12,'4. Define Weights'!$B$10:$B$13,'4. Define Weights'!$C$10:$C$13 ) ) | K12: Coping Capacity | L12: =SUMIF($G$10:$G$101, K12,$H$10:$H$101 ) -> 0
B13: TOTAL | C13: =SUM($C$10:$C$12) -> 0 | I13: =IF( OR($G13="",$H13=""), "", $H13*_xlfn.XLOOKUP($G13,'4. Define Weights'!$B$10:$B$13,'4. Define Weights'!$C$10:$C$13 ) ) | K13: TOTAL | L13: =SUM(I10:I101) -> 0
I14: =IF( OR($G14="",$H14=""), "", $H14*_xlfn.XLOOKUP($G14,'4. Define Weights'!$B$10:$B$13,'4. Define Weights'!$C$10:$C$13 ) )
B15: =IF( COUNT($C$10:$C$12)=0, "Define pillar weights in the table above.", IF( ABS($C$13-1)<0.0001, "Pillar weights are valid. Total equals 100%.", "Pillar weights must sum to 100%. Please adjust." ) ) -> Define pillar weights in the table above. | I15: =IF( OR($G15="",$H15=""), "", $H15*_xlfn.XLOOKUP($G15,'4. Define Weights'!$B$10:$B$13,'4. Define Weights'!$C$10:$C$13 ) ) | K15: {=IF( SUM($L$10:$L$12)=0, "Define indicator weights in the table to the left.", IF( SUMPRODUCT(--(ABS($L$10:$L$12-1)>0.0001))=0, "Indicator weights are valid. Each pillar sums to 100%.", "Indicator weights are invalid for: " & _xlfn.TEXTJOIN( ", ", TRUE, _xlfn._xlws.FILTER($K$10:$K$12, ABS($L$10:$L$12-1)>0.0001) ) ) )} -> Define indicator weights in the table to the left.
I16: =IF( OR($G16="",$H16=""), "", $H16*_xlfn.XLOOKUP($G16,'4. Define Weights'!$B$10:$B$13,'4. Define Weights'!$C$10:$C$13 ) )
I17: =IF( OR($G17="",$H17=""), "", $H17*_xlfn.XLOOKUP($G17,'4. Define Weights'!$B$10:$B$13,'4. Define Weights'!$C$10:$C$13 ) )
I18: =IF( OR($G18="",$H18=""), "", $H18*_xlfn.XLOOKUP($G18,'4. Define Weights'!$B$10:$B$13,'4. Define Weights'!$C$10:$C$13 ) )
I19: =IF( OR($G19="",$H19=""), "", $H19*_xlfn.XLOOKUP($G19,'4. Define Weights'!$B$10:$B$13,'4. Define Weights'!$C$10:$C$13 ) )
I20: =IF( OR($G20="",$H20=""), "", $H20*_xlfn.XLOOKUP($G20,'4. Define Weights'!$B$10:$B$13,'4. Define Weights'!$C$10:$C$13 ) )
I21: =IF( OR($G21="",$H21=""), "", $H21*_xlfn.XLOOKUP($G21,'4. Define Weights'!$B$10:$B$13,'4. Define Weights'!$C$10:$C$13 ) )
I22: =IF( OR($G22="",$H22=""), "", $H22*_xlfn.XLOOKUP($G22,'4. Define Weights'!$B$10:$B$13,'4. Define Weights'!$C$10:$C$13 ) )
I23: =IF( OR($G23="",$H23=""), "", $H23*_xlfn.XLOOKUP($G23,'4. Define Weights'!$B$10:$B$13,'4. Define Weights'!$C$10:$C$13 ) )
I24: =IF( OR($G24="",$H24=""), "", $H24*_xlfn.XLOOKUP($G24,'4. Define Weights'!$B$10:$B$13,'4. Define Weights'!$C$10:$C$13 ) )
I25: =IF( OR($G25="",$H25=""), "", $H25*_xlfn.XLOOKUP($G25,'4. Define Weights'!$B$10:$B$13,'4. Define Weights'!$C$10:$C$13 ) )
I26: =IF( OR($G26="",$H26=""), "", $H26*_xlfn.XLOOKUP($G26,'4. Define Weights'!$B$10:$B$13,'4. Define Weights'!$C$10:$C$13 ) )
I27: =IF( OR($G27="",$H27=""), "", $H27*_xlfn.XLOOKUP($G27,'4. Define Weights'!$B$10:$B$13,'4. Define Weights'!$C$10:$C$13 ) )
... I101: =IF( OR($G101="",$H101=""), "", $H101*_xlfn.XLOOKUP($G101,'4. Define Weights'!$B$10:$B$13,'4. Define Weights'!$C$10:$C$13 ) )

Sheet 5. Weighted Indicator Scores
B2: Step 5. Review Weighted Indicator Scores
B3: How do weights affect each indicator's contribution to the risk level?
B4: Instructions: - This tab is automatically calculated based on your inputs in Steps 3 and 4. - Review the weighted scores to verify that indicator values and weights have been applied correctly. No manual input is required. - Each value here = Indicator Score × Overall Weight (Overall Weight comes from "4. Define Weights" column I). See that tab for how Overall Weight is calculated.
B5: =IF(IndicatorsDefined,"","First define pillar and indicator weights in Step 4. Once pillar and indicator weights sum to 1.0 or 100%, tables will appear here where you can review weighted scores.") -> First define pillar and indicator weights in Step 4. Once pillar and indicator weights sum to 1.0 or 100%, tables will appear here where you can review weighted scores.
D7: =IF( D$9="", "", _xlfn.XLOOKUP( D$9, tbl_define_indicators[Indicator ID], tbl_define_indicators[Pillar] ) ) | E7: =IF( E$9="", "", _xlfn.XLOOKUP( E$9, tbl_define_indicators[Indicator ID], tbl_define_indicators[Pillar] ) ) | F7: =IF( F$9="", "", _xlfn.XLOOKUP( F$9, tbl_define_indicators[Indicator ID], tbl_define_indicators[Pillar] ) ) | G7: =IF( G$9="", "", _xlfn.XLOOKUP( G$9, tbl_define_indicators[Indicator ID], tbl_define_indicators[Pillar] ) ) | H7: =IF( H$9="", "", _xlfn.XLOOKUP( H$9, tbl_define_indicators[Indicator ID], tbl_define_indicators[Pillar] ) ) | I7: =IF( I$9="", "", _xlfn.XLOOKUP( I$9, tbl_define_indicators[Indicator ID], tbl_define_indicators[Pillar] ) ) | J7: =IF( J$9="", "", _xlfn.XLOOKUP( J$9, tbl_define_indicators[Indicator ID], tbl_define_indicators[Pillar] ) ) | K7: =IF( K$9="", "", _xlfn.XLOOKUP( K$9, tbl_define_indicators[Indicator ID], tbl_define_indicators[Pillar] ) ) | ... CZ7: =IF( CZ$9="", "", _xlfn.XLOOKUP( CZ$9, tbl_define_indicators[Indicator ID], tbl_define_indicators[Pillar] ) )
D8: =IF( D$9="", "", _xlfn.XLOOKUP( D$9, tbl_define_indicators[Indicator ID], tbl_define_indicators[Indicator] ) ) | E8: =IF( E$9="", "", _xlfn.XLOOKUP( E$9, tbl_define_indicators[Indicator ID], tbl_define_indicators[Indicator] ) ) | F8: =IF( F$9="", "", _xlfn.XLOOKUP( F$9, tbl_define_indicators[Indicator ID], tbl_define_indicators[Indicator] ) ) | G8: =IF( G$9="", "", _xlfn.XLOOKUP( G$9, tbl_define_indicators[Indicator ID], tbl_define_indicators[Indicator] ) ) | H8: =IF( H$9="", "", _xlfn.XLOOKUP( H$9, tbl_define_indicators[Indicator ID], tbl_define_indicators[Indicator] ) ) | I8: =IF( I$9="", "", _xlfn.XLOOKUP( I$9, tbl_define_indicators[Indicator ID], tbl_define_indicators[Indicator] ) ) | J8: =IF( J$9="", "", _xlfn.XLOOKUP( J$9, tbl_define_indicators[Indicator ID], tbl_define_indicators[Indicator] ) ) | K8: =IF( K$9="", "", _xlfn.XLOOKUP( K$9, tbl_define_indicators[Indicator ID], tbl_define_indicators[Indicator] ) ) | ... CZ8: =IF( CZ$9="", "", _xlfn.XLOOKUP( CZ$9, tbl_define_indicators[Indicator ID], tbl_define_indicators[Indicator] ) )
D9: {=IF( AND(IndicatorsDefined, WeightsDefined), TRANSPOSE( _xlfn._xlws.FILTER( tbl_define_indicators[Indicator ID], tbl_define_indicators[Include]=TRUE ) ), "" )}
C11: Overall Weight: | D11: =IF(D$8="","",_xlfn.XLOOKUP(D$8,'4. Define Weights'!$F:$F,'4. Define Weights'!$I:$I,"")) | E11: =IF(E$8="","",_xlfn.XLOOKUP(E$8,'4. Define Weights'!$F:$F,'4. Define Weights'!$I:$I,"")) | F11: =IF(F$8="","",_xlfn.XLOOKUP(F$8,'4. Define Weights'!$F:$F,'4. Define Weights'!$I:$I,"")) | G11: =IF(G$8="","",_xlfn.XLOOKUP(G$8,'4. Define Weights'!$F:$F,'4. Define Weights'!$I:$I,"")) | H11: =IF(H$8="","",_xlfn.XLOOKUP(H$8,'4. Define Weights'!$F:$F,'4. Define Weights'!$I:$I,"")) | I11: =IF(I$8="","",_xlfn.XLOOKUP(I$8,'4. Define Weights'!$F:$F,'4. Define Weights'!$I:$I,"")) | J11: =IF(J$8="","",_xlfn.XLOOKUP(J$8,'4. Define Weights'!$F:$F,'4. Define Weights'!$I:$I,"")) | K11: =IF(K$8="","",_xlfn.XLOOKUP(K$8,'4. Define Weights'!$F:$F,'4. Define Weights'!$I:$I,"")) | ... CZ11: =IF(CZ$8="","",_xlfn.XLOOKUP(CZ$8,'4. Define Weights'!$F:$F,'4. Define Weights'!$I:$I,""))
B13: Country / Territory | C13: Subnational Level
B14: {=IF( CountrySelected, _xlfn._xlws.FILTER( tbl_geo[Country / Territory], tbl_geo[Country / Territory]='1. Describe Your Emergency'!$D$6 ), "" )} | C14: {=IF( CountrySelected, _xlfn._xlws.FILTER( tbl_geo[Subnational Level], tbl_geo[Country / Territory]='1. Describe Your Emergency'!$D$6 ), "" )} | D14: {=_xlfn.LET( _xlpm.w, D$11, _xlpm.r, MATCH(1,('3. Enter Indicator Scores'!$B$10:$B$161=$B14)*('3. Enter Indicator Scores'!$C$10:$C$161=$C14),0), _xlpm.c, MATCH(D$8,'3. Enter Indicator Scores'!$D$8:$CZ$8,0), _xlpm.v, IFERROR(INDEX('3. Enter Indicator Scores'!$D$10:$CZ$161,_xlpm.r,_xlpm.c),""), IF(OR(_xlpm.w="",_xlpm.v=""),"",_xlpm.v*_xlpm.w) )} | E14: {=_xlfn.LET( _xlpm.w, E$11, _xlpm.r, MATCH(1,('3. Enter Indicator Scores'!$B$10:$B$161=$B14)*('3. Enter Indicator Scores'!$C$10:$C$161=$C14),0), _xlpm.c, MATCH(E$8,'3. Enter Indicator Scores'!$D$8:$CZ$8,0), _xlpm.v, IFERROR(INDEX('3. Enter Indicator Scores'!$D$10:$CZ$161,_xlpm.r,_xlpm.c),""), IF(OR(_xlpm.w="",_xlpm.v=""),"",_xlpm.v*_xlpm.w) )} | F14: {=_xlfn.LET( _xlpm.w, F$11, _xlpm.r, MATCH(1,('3. Enter Indicator Scores'!$B$10:$B$161=$B14)*('3. Enter Indicator Scores'!$C$10:$C$161=$C14),0), _xlpm.c, MATCH(F$8,'3. Enter Indicator Scores'!$D$8:$CZ$8,0), _xlpm.v, IFERROR(INDEX('3. Enter Indicator Scores'!$D$10:$CZ$161,_xlpm.r,_xlpm.c),""), IF(OR(_xlpm.w="",_xlpm.v=""),"",_xlpm.v*_xlpm.w) )} | G14: {=_xlfn.LET( _xlpm.w, G$11, _xlpm.r, MATCH(1,('3. Enter Indicator Scores'!$B$10:$B$161=$B14)*('3. Enter Indicator Scores'!$C$10:$C$161=$C14),0), _xlpm.c, MATCH(G$8,'3. Enter Indicator Scores'!$D$8:$CZ$8,0), _xlpm.v, IFERROR(INDEX('3. Enter Indicator Scores'!$D$10:$CZ$161,_xlpm.r,_xlpm.c),""), IF(OR(_xlpm.w="",_xlpm.v=""),"",_xlpm.v*_xlpm.w) )} | H14: {=_xlfn.LET( _xlpm.w, H$11, _xlpm.r, MATCH(1,('3. Enter Indicator Scores'!$B$10:$B$161=$B14)*('3. Enter Indicator Scores'!$C$10:$C$161=$C14),0), _xlpm.c, MATCH(H$8,'3. Enter Indicator Scores'!$D$8:$CZ$8,0), _xlpm.v, IFERROR(INDEX('3. Enter Indicator Scores'!$D$10:$CZ$161,_xlpm.r,_xlpm.c),""), IF(OR(_xlpm.w="",_xlpm.v=""),"",_xlpm.v*_xlpm.w) )} | I14: {=_xlfn.LET( _xlpm.w, I$11, _xlpm.r, MATCH(1,('3. Enter Indicator Scores'!$B$10:$B$161=$B14)*('3. Enter Indicator Scores'!$C$10:$C$161=$C14),0), _xlpm.c, MATCH(I$8,'3. Enter Indicator Scores'!$D$8:$CZ$8,0), _xlpm.v, IFERROR(INDEX('3. Enter Indicator Scores'!$D$10:$CZ$161,_xlpm.r,_xlpm.c),""), IF(OR(_xlpm.w="",_xlpm.v=""),"",_xlpm.v*_xlpm.w) )} | J14: {=_xlfn.LET( _xlpm.w, J$11, _xlpm.r, MATCH(1,('3. Enter Indicator Scores'!$B$10:$B$161=$B14)*('3. Enter Indicator Scores'!$C$10:$C$161=$C14),0), _xlpm.c, MATCH(J$8,'3. Enter Indicator Scores'!$D$8:$CZ$8,0), _xlpm.v, IFERROR(INDEX('3. Enter Indicator Scores'!$D$10:$CZ$161,_xlpm.r,_xlpm.c),""), IF(OR(_xlpm.w="",_xlpm.v=""),"",_xlpm.v*_xlpm.w) )} | K14: {=_xlfn.LET( _xlpm.w, K$11, _xlpm.r, MATCH(1,('3. Enter Indicator Scores'!$B$10:$B$161=$B14)*('3. Enter Indicator Scores'!$C$10:$C$161=$C14),0), _xlpm.c, MATCH(K$8,'3. Enter Indicator Scores'!$D$8:$CZ$8,0), _xlpm.v, IFERROR(INDEX('3. Enter Indicator Scores'!$D$10:$CZ$161,_xlpm.r,_xlpm.c),""), IF(OR(_xlpm.w="",_xlpm.v=""),"",_xlpm.v*_xlpm.w) )} | ... CZ14: {=_xlfn.LET( _xlpm.w, CZ$11, _xlpm.r, MATCH(1,('3. Enter Indicator Scores'!$B$10:$B$161=$B14)*('3. Enter Indicator Scores'!$C$10:$C$161=$C14),0), _xlpm.c, MATCH(CZ$8,'3. Enter Indicator Scores'!$D$8:$CZ$8,0), _xlpm.v, IFERROR(INDEX('3. Enter Indicator Scores'!$D$10:$CZ$161,_xlpm.r,_xlpm.c),""), IF(OR(_xlpm.w="",_xlpm.v=""),"",_xlpm.v*_xlpm.w) )}
D15: {=_xlfn.LET( _xlpm.w, D$11, _xlpm.r, MATCH(1,('3. Enter Indicator Scores'!$B$10:$B$161=$B15)*('3. Enter Indicator Scores'!$C$10:$C$161=$C15),0), _xlpm.c, MATCH(D$8,'3. Enter Indicator Scores'!$D$8:$CZ$8,0), _xlpm.v, IFERROR(INDEX('3. Enter Indicator Scores'!$D$10:$CZ$161,_xlpm.r,_xlpm.c),""), IF(OR(_xlpm.w="",_xlpm.v=""),"",_xlpm.v*_xlpm.w) )} | E15: {=_xlfn.LET( _xlpm.w, E$11, _xlpm.r, MATCH(1,('3. Enter Indicator Scores'!$B$10:$B$161=$B15)*('3. Enter Indicator Scores'!$C$10:$C$161=$C15),0), _xlpm.c, MATCH(E$8,'3. Enter Indicator Scores'!$D$8:$CZ$8,0), _xlpm.v, IFERROR(INDEX('3. Enter Indicator Scores'!$D$10:$CZ$161,_xlpm.r,_xlpm.c),""), IF(OR(_xlpm.w="",_xlpm.v=""),"",_xlpm.v*_xlpm.w) )} | F15: {=_xlfn.LET( _xlpm.w, F$11, _xlpm.r, MATCH(1,('3. Enter Indicator Scores'!$B$10:$B$161=$B15)*('3. Enter Indicator Scores'!$C$10:$C$161=$C15),0), _xlpm.c, MATCH(F$8,'3. Enter Indicator Scores'!$D$8:$CZ$8,0), _xlpm.v, IFERROR(INDEX('3. Enter Indicator Scores'!$D$10:$CZ$161,_xlpm.r,_xlpm.c),""), IF(OR(_xlpm.w="",_xlpm.v=""),"",_xlpm.v*_xlpm.w) )} | G15: {=_xlfn.LET( _xlpm.w, G$11, _xlpm.r, MATCH(1,('3. Enter Indicator Scores'!$B$10:$B$161=$B15)*('3. Enter Indicator Scores'!$C$10:$C$161=$C15),0), _xlpm.c, MATCH(G$8,'3. Enter Indicator Scores'!$D$8:$CZ$8,0), _xlpm.v, IFERROR(INDEX('3. Enter Indicator Scores'!$D$10:$CZ$161,_xlpm.r,_xlpm.c),""), IF(OR(_xlpm.w="",_xlpm.v=""),"",_xlpm.v*_xlpm.w) )} | H15: {=_xlfn.LET( _xlpm.w, H$11, _xlpm.r, MATCH(1,('3. Enter Indicator Scores'!$B$10:$B$161=$B15)*('3. Enter Indicator Scores'!$C$10:$C$161=$C15),0), _xlpm.c, MATCH(H$8,'3. Enter Indicator Scores'!$D$8:$CZ$8,0), _xlpm.v, IFERROR(INDEX('3. Enter Indicator Scores'!$D$10:$CZ$161,_xlpm.r,_xlpm.c),""), IF(OR(_xlpm.w="",_xlpm.v=""),"",_xlpm.v*_xlpm.w) )} | I15: {=_xlfn.LET( _xlpm.w, I$11, _xlpm.r, MATCH(1,('3. Enter Indicator Scores'!$B$10:$B$161=$B15)*('3. Enter Indicator Scores'!$C$10:$C$161=$C15),0), _xlpm.c, MATCH(I$8,'3. Enter Indicator Scores'!$D$8:$CZ$8,0), _xlpm.v, IFERROR(INDEX('3. Enter Indicator Scores'!$D$10:$CZ$161,_xlpm.r,_xlpm.c),""), IF(OR(_xlpm.w="",_xlpm.v=""),"",_xlpm.v*_xlpm.w) )} | J15: {=_xlfn.LET( _xlpm.w, J$11, _xlpm.r, MATCH(1,('3. Enter Indicator Scores'!$B$10:$B$161=$B15)*('3. Enter Indicator Scores'!$C$10:$C$161=$C15),0), _xlpm.c, MATCH(J$8,'3. Enter Indicator Scores'!$D$8:$CZ$8,0), _xlpm.v, IFERROR(INDEX('3. Enter Indicator Scores'!$D$10:$CZ$161,_xlpm.r,_xlpm.c),""), IF(OR(_xlpm.w="",_xlpm.v=""),"",_xlpm.v*_xlpm.w) )} | K15: {=_xlfn.LET( _xlpm.w, K$11, _xlpm.r, MATCH(1,('3. Enter Indicator Scores'!$B$10:$B$161=$B15)*('3. Enter Indicator Scores'!$C$10:$C$161=$C15),0), _xlpm.c, MATCH(K$8,'3. Enter Indicator Scores'!$D$8:$CZ$8,0), _xlpm.v, IFERROR(INDEX('3. Enter Indicator Scores'!$D$10:$CZ$161,_xlpm.r,_xlpm.c),""), IF(OR(_xlpm.w="",_xlpm.v=""),"",_xlpm.v*_xlpm.w) )} | ... CZ15: {=_xlfn.LET( _xlpm.w, CZ$11, _xlpm.r, MATCH(1,('3. Enter Indicator Scores'!$B$10:$B$161=$B15)*('3. Enter Indicator Scores'!$C$10:$C$161=$C15),0), _xlpm.c, MATCH(CZ$8,'3. Enter Indicator Scores'!$D$8:$CZ$8,0), _xlpm.v, IFERROR(INDEX('3. Enter Indicator Scores'!$D$10:$CZ$161,_xlpm.r,_xlpm.c),""), IF(OR(_xlpm.w="",_xlpm.v=""),"",_xlpm.v*_xlpm.w) )}
D16: {=_xlfn.LET( _xlpm.w, D$11, _xlpm.r, MATCH(1,('3. Enter Indicator Scores'!$B$10:$B$161=$B16)*('3. Enter Indicator Scores'!$C$10:$C$161=$C16),0), _xlpm.c, MATCH(D$8,'3. Enter Indicator Scores'!$D$8:$CZ$8,0), _xlpm.v, IFERROR(INDEX('3. Enter Indicator Scores'!$D$10:$CZ$161,_xlpm.r,_xlpm.c),""), IF(OR(_xlpm.w="",_xlpm.v=""),"",_xlpm.v*_xlpm.w) )} | E16: {=_xlfn.LET( _xlpm.w, E$11, _xlpm.r, MATCH(1,('3. Enter Indicator Scores'!$B$10:$B$161=$B16)*('3. Enter Indicator Scores'!$C$10:$C$161=$C16),0), _xlpm.c, MATCH(E$8,'3. Enter Indicator Scores'!$D$8:$CZ$8,0), _xlpm.v, IFERROR(INDEX('3. Enter Indicator Scores'!$D$10:$CZ$161,_xlpm.r,_xlpm.c),""), IF(OR(_xlpm.w="",_xlpm.v=""),"",_xlpm.v*_xlpm.w) )} | F16: {=_xlfn.LET( _xlpm.w, F$11, _xlpm.r, MATCH(1,('3. Enter Indicator Scores'!$B$10:$B$161=$B16)*('3. Enter Indicator Scores'!$C$10:$C$161=$C16),0), _xlpm.c, MATCH(F$8,'3. Enter Indicator Scores'!$D$8:$CZ$8,0), _xlpm.v, IFERROR(INDEX('3. Enter Indicator Scores'!$D$10:$CZ$161,_xlpm.r,_xlpm.c),""), IF(OR(_xlpm.w="",_xlpm.v=""),"",_xlpm.v*_xlpm.w) )} | G16: {=_xlfn.LET( _xlpm.w, G$11, _xlpm.r, MATCH(1,('3. Enter Indicator Scores'!$B$10:$B$161=$B16)*('3. Enter Indicator Scores'!$C$10:$C$161=$C16),0), _xlpm.c, MATCH(G$8,'3. Enter Indicator Scores'!$D$8:$CZ$8,0), _xlpm.v, IFERROR(INDEX('3. Enter Indicator Scores'!$D$10:$CZ$161,_xlpm.r,_xlpm.c),""), IF(OR(_xlpm.w="",_xlpm.v=""),"",_xlpm.v*_xlpm.w) )} | H16: {=_xlfn.LET( _xlpm.w, H$11, _xlpm.r, MATCH(1,('3. Enter Indicator Scores'!$B$10:$B$161=$B16)*('3. Enter Indicator Scores'!$C$10:$C$161=$C16),0), _xlpm.c, MATCH(H$8,'3. Enter Indicator Scores'!$D$8:$CZ$8,0), _xlpm.v, IFERROR(INDEX('3. Enter Indicator Scores'!$D$10:$CZ$161,_xlpm.r,_xlpm.c),""), IF(OR(_xlpm.w="",_xlpm.v=""),"",_xlpm.v*_xlpm.w) )} | I16: {=_xlfn.LET( _xlpm.w, I$11, _xlpm.r, MATCH(1,('3. Enter Indicator Scores'!$B$10:$B$161=$B16)*('3. Enter Indicator Scores'!$C$10:$C$161=$C16),0), _xlpm.c, MATCH(I$8,'3. Enter Indicator Scores'!$D$8:$CZ$8,0), _xlpm.v, IFERROR(INDEX('3. Enter Indicator Scores'!$D$10:$CZ$161,_xlpm.r,_xlpm.c),""), IF(OR(_xlpm.w="",_xlpm.v=""),"",_xlpm.v*_xlpm.w) )} | J16: {=_xlfn.LET( _xlpm.w, J$11, _xlpm.r, MATCH(1,('3. Enter Indicator Scores'!$B$10:$B$161=$B16)*('3. Enter Indicator Scores'!$C$10:$C$161=$C16),0), _xlpm.c, MATCH(J$8,'3. Enter Indicator Scores'!$D$8:$CZ$8,0), _xlpm.v, IFERROR(INDEX('3. Enter Indicator Scores'!$D$10:$CZ$161,_xlpm.r,_xlpm.c),""), IF(OR(_xlpm.w="",_xlpm.v=""),"",_xlpm.v*_xlpm.w) )} | K16: {=_xlfn.LET( _xlpm.w, K$11, _xlpm.r, MATCH(1,('3. Enter Indicator Scores'!$B$10:$B$161=$B16)*('3. Enter Indicator Scores'!$C$10:$C$161=$C16),0), _xlpm.c, MATCH(K$8,'3. Enter Indicator Scores'!$D$8:$CZ$8,0), _xlpm.v, IFERROR(INDEX('3. Enter Indicator Scores'!$D$10:$CZ$161,_xlpm.r,_xlpm.c),""), IF(OR(_xlpm.w="",_xlpm.v=""),"",_xlpm.v*_xlpm.w) )} | ... CZ16: {=_xlfn.LET( _xlpm.w, CZ$11, _xlpm.r, MATCH(1,('3. Enter Indicator Scores'!$B$10:$B$161=$B16)*('3. Enter Indicator Scores'!$C$10:$C$161=$C16),0), _xlpm.c, MATCH(CZ$8,'3. Enter Indicator Scores'!$D$8:$CZ$8,0), _xlpm.v, IFERROR(INDEX('3. Enter Indicator Scores'!$D$10:$CZ$161,_xlpm.r,_xlpm.c),""), IF(OR(_xlpm.w="",_xlpm.v=""),"",_xlpm.v*_xlpm.w) )}
D17: {=_xlfn.LET( _xlpm.w, D$11, _xlpm.r, MATCH(1,('3. Enter Indicator Scores'!$B$10:$B$161=$B17)*('3. Enter Indicator Scores'!$C$10:$C$161=$C17),0), _xlpm.c, MATCH(D$8,'3. Enter Indicator Scores'!$D$8:$CZ$8,0), _xlpm.v, IFERROR(INDEX('3. Enter Indicator Scores'!$D$10:$CZ$161,_xlpm.r,_xlpm.c),""), IF(OR(_xlpm.w="",_xlpm.v=""),"",_xlpm.v*_xlpm.w) )} | E17: {=_xlfn.LET( _xlpm.w, E$11, _xlpm.r, MATCH(1,('3. Enter Indicator Scores'!$B$10:$B$161=$B17)*('3. Enter Indicator Scores'!$C$10:$C$161=$C17),0), _xlpm.c, MATCH(E$8,'3. Enter Indicator Scores'!$D$8:$CZ$8,0), _xlpm.v, IFERROR(INDEX('3. Enter Indicator Scores'!$D$10:$CZ$161,_xlpm.r,_xlpm.c),""), IF(OR(_xlpm.w="",_xlpm.v=""),"",_xlpm.v*_xlpm.w) )} | F17: {=_xlfn.LET( _xlpm.w, F$11, _xlpm.r, MATCH(1,('3. Enter Indicator Scores'!$B$10:$B$161=$B17)*('3. Enter Indicator Scores'!$C$10:$C$161=$C17),0), _xlpm.c, MATCH(F$8,'3. Enter Indicator Scores'!$D$8:$CZ$8,0), _xlpm.v, IFERROR(INDEX('3. Enter Indicator Scores'!$D$10:$CZ$161,_xlpm.r,_xlpm.c),""), IF(OR(_xlpm.w="",_xlpm.v=""),"",_xlpm.v*_xlpm.w) )} | G17: {=_xlfn.LET( _xlpm.w, G$11, _xlpm.r, MATCH(1,('3. Enter Indicator Scores'!$B$10:$B$161=$B17)*('3. Enter Indicator Scores'!$C$10:$C$161=$C17),0), _xlpm.c, MATCH(G$8,'3. Enter Indicator Scores'!$D$8:$CZ$8,0), _xlpm.v, IFERROR(INDEX('3. Enter Indicator Scores'!$D$10:$CZ$161,_xlpm.r,_xlpm.c),""), IF(OR(_xlpm.w="",_xlpm.v=""),"",_xlpm.v*_xlpm.w) )} | H17: {=_xlfn.LET( _xlpm.w, H$11, _xlpm.r, MATCH(1,('3. Enter Indicator Scores'!$B$10:$B$161=$B17)*('3. Enter Indicator Scores'!$C$10:$C$161=$C17),0), _xlpm.c, MATCH(H$8,'3. Enter Indicator Scores'!$D$8:$CZ$8,0), _xlpm.v, IFERROR(INDEX('3. Enter Indicator Scores'!$D$10:$CZ$161,_xlpm.r,_xlpm.c),""), IF(OR(_xlpm.w="",_xlpm.v=""),"",_xlpm.v*_xlpm.w) )} | I17: {=_xlfn.LET( _xlpm.w, I$11, _xlpm.r, MATCH(1,('3. Enter Indicator Scores'!$B$10:$B$161=$B17)*('3. Enter Indicator Scores'!$C$10:$C$161=$C17),0), _xlpm.c, MATCH(I$8,'3. Enter Indicator Scores'!$D$8:$CZ$8,0), _xlpm.v, IFERROR(INDEX('3. Enter Indicator Scores'!$D$10:$CZ$161,_xlpm.r,_xlpm.c),""), IF(OR(_xlpm.w="",_xlpm.v=""),"",_xlpm.v*_xlpm.w) )} | J17: {=_xlfn.LET( _xlpm.w, J$11, _xlpm.r, MATCH(1,('3. Enter Indicator Scores'!$B$10:$B$161=$B17)*('3. Enter Indicator Scores'!$C$10:$C$161=$C17),0), _xlpm.c, MATCH(J$8,'3. Enter Indicator Scores'!$D$8:$CZ$8,0), _xlpm.v, IFERROR(INDEX('3. Enter Indicator Scores'!$D$10:$CZ$161,_xlpm.r,_xlpm.c),""), IF(OR(_xlpm.w="",_xlpm.v=""),"",_xlpm.v*_xlpm.w) )} | K17: {=_xlfn.LET( _xlpm.w, K$11, _xlpm.r, MATCH(1,('3. Enter Indicator Scores'!$B$10:$B$161=$B17)*('3. Enter Indicator Scores'!$C$10:$C$161=$C17),0), _xlpm.c, MATCH(K$8,'3. Enter Indicator Scores'!$D$8:$CZ$8,0), _xlpm.v, IFERROR(INDEX('3. Enter Indicator Scores'!$D$10:$CZ$161,_xlpm.r,_xlpm.c),""), IF(OR(_xlpm.w="",_xlpm.v=""),"",_xlpm.v*_xlpm.w) )} | ... CZ17: {=_xlfn.LET( _xlpm.w, CZ$11, _xlpm.r, MATCH(1,('3. Enter Indicator Scores'!$B$10:$B$161=$B17)*('3. Enter Indicator Scores'!$C$10:$C$161=$C17),0), _xlpm.c, MATCH(CZ$8,'3. Enter Indicator Scores'!$D$8:$CZ$8,0), _xlpm.v, IFERROR(INDEX('3. Enter Indicator Scores'!$D$10:$CZ$161,_xlpm.r,_xlpm.c),""), IF(OR(_xlpm.w="",_xlpm.v=""),"",_xlpm.v*_xlpm.w) )}
D18: {=_xlfn.LET( _xlpm.w, D$11, _xlpm.r, MATCH(1,('3. Enter Indicator Scores'!$B$10:$B$161=$B18)*('3. Enter Indicator Scores'!$C$10:$C$161=$C18),0), _xlpm.c, MATCH(D$8,'3. Enter Indicator Scores'!$D$8:$CZ$8,0), _xlpm.v, IFERROR(INDEX('3. Enter Indicator Scores'!$D$10:$CZ$161,_xlpm.r,_xlpm.c),""), IF(OR(_xlpm.w="",_xlpm.v=""),"",_xlpm.v*_xlpm.w) )} | E18: {=_xlfn.LET( _xlpm.w, E$11, _xlpm.r, MATCH(1,('3. Enter Indicator Scores'!$B$10:$B$161=$B18)*('3. Enter Indicator Scores'!$C$10:$C$161=$C18),0), _xlpm.c, MATCH(E$8,'3. Enter Indicator Scores'!$D$8:$CZ$8,0), _xlpm.v, IFERROR(INDEX('3. Enter Indicator Scores'!$D$10:$CZ$161,_xlpm.r,_xlpm.c),""), IF(OR(_xlpm.w="",_xlpm.v=""),"",_xlpm.v*_xlpm.w) )} | F18: {=_xlfn.LET( _xlpm.w, F$11, _xlpm.r, MATCH(1,('3. Enter Indicator Scores'!$B$10:$B$161=$B18)*('3. Enter Indicator Scores'!$C$10:$C$161=$C18),0), _xlpm.c, MATCH(F$8,'3. Enter Indicator Scores'!$D$8:$CZ$8,0), _xlpm.v, IFERROR(INDEX('3. Enter Indicator Scores'!$D$10:$CZ$161,_xlpm.r,_xlpm.c),""), IF(OR(_xlpm.w="",_xlpm.v=""),"",_xlpm.v*_xlpm.w) )} | G18: {=_xlfn.LET( _xlpm.w, G$11, _xlpm.r, MATCH(1,('3. Enter Indicator Scores'!$B$10:$B$161=$B18)*('3. Enter Indicator Scores'!$C$10:$C$161=$C18),0), _xlpm.c, MATCH(G$8,'3. Enter Indicator Scores'!$D$8:$CZ$8,0), _xlpm.v, IFERROR(INDEX('3. Enter Indicator Scores'!$D$10:$CZ$161,_xlpm.r,_xlpm.c),""), IF(OR(_xlpm.w="",_xlpm.v=""),"",_xlpm.v*_xlpm.w) )} | H18: {=_xlfn.LET( _xlpm.w, H$11, _xlpm.r, MATCH(1,('3. Enter Indicator Scores'!$B$10:$B$161=$B18)*('3. Enter Indicator Scores'!$C$10:$C$161=$C18),0), _xlpm.c, MATCH(H$8,'3. Enter Indicator Scores'!$D$8:$CZ$8,0), _xlpm.v, IFERROR(INDEX('3. Enter Indicator Scores'!$D$10:$CZ$161,_xlpm.r,_xlpm.c),""), IF(OR(_xlpm.w="",_xlpm.v=""),"",_xlpm.v*_xlpm.w) )} | I18: {=_xlfn.LET( _xlpm.w, I$11, _xlpm.r, MATCH(1,('3. Enter Indicator Scores'!$B$10:$B$161=$B18)*('3. Enter Indicator Scores'!$C$10:$C$161=$C18),0), _xlpm.c, MATCH(I$8,'3. Enter Indicator Scores'!$D$8:$CZ$8,0), _xlpm.v, IFERROR(INDEX('3. Enter Indicator Scores'!$D$10:$CZ$161,_xlpm.r,_xlpm.c),""), IF(OR(_xlpm.w="",_xlpm.v=""),"",_xlpm.v*_xlpm.w) )} | J18: {=_xlfn.LET( _xlpm.w, J$11, _xlpm.r, MATCH(1,('3. Enter Indicator Scores'!$B$10:$B$161=$B18)*('3. Enter Indicator Scores'!$C$10:$C$161=$C18),0), _xlpm.c, MATCH(J$8,'3. Enter Indicator Scores'!$D$8:$CZ$8,0), _xlpm.v, IFERROR(INDEX('3. Enter Indicator Scores'!$D$10:$CZ$161,_xlpm.r,_xlpm.c),""), IF(OR(_xlpm.w="",_xlpm.v=""),"",_xlpm.v*_xlpm.w) )} | K18: {=_xlfn.LET( _xlpm.w, K$11, _xlpm.r, MATCH(1,('3. Enter Indicator Scores'!$B$10:$B$161=$B18)*('3. Enter Indicator Scores'!$C$10:$C$161=$C18),0), _xlpm.c, MATCH(K$8,'3. Enter Indicator Scores'!$D$8:$CZ$8,0), _xlpm.v, IFERROR(INDEX('3. Enter Indicator Scores'!$D$10:$CZ$161,_xlpm.r,_xlpm.c),""), IF(OR(_xlpm.w="",_xlpm.v=""),"",_xlpm.v*_xlpm.w) )} | ... CZ18: {=_xlfn.LET( _xlpm.w, CZ$11, _xlpm.r, MATCH(1,('3. Enter Indicator Scores'!$B$10:$B$161=$B18)*('3. Enter Indicator Scores'!$C$10:$C$161=$C18),0), _xlpm.c, MATCH(CZ$8,'3. Enter Indicator Scores'!$D$8:$CZ$8,0), _xlpm.v, IFERROR(INDEX('3. Enter Indicator Scores'!$D$10:$CZ$161,_xlpm.r,_xlpm.c),""), IF(OR(_xlpm.w="",_xlpm.v=""),"",_xlpm.v*_xlpm.w) )}
D19: {=_xlfn.LET( _xlpm.w, D$11, _xlpm.r, MATCH(1,('3. Enter Indicator Scores'!$B$10:$B$161=$B19)*('3. Enter Indicator Scores'!$C$10:$C$161=$C19),0), _xlpm.c, MATCH(D$8,'3. Enter Indicator Scores'!$D$8:$CZ$8,0), _xlpm.v, IFERROR(INDEX('3. Enter Indicator Scores'!$D$10:$CZ$161,_xlpm.r,_xlpm.c),""), IF(OR(_xlpm.w="",_xlpm.v=""),"",_xlpm.v*_xlpm.w) )} | E19: {=_xlfn.LET( _xlpm.w, E$11, _xlpm.r, MATCH(1,('3. Enter Indicator Scores'!$B$10:$B$161=$B19)*('3. Enter Indicator Scores'!$C$10:$C$161=$C19),0), _xlpm.c, MATCH(E$8,'3. Enter Indicator Scores'!$D$8:$CZ$8,0), _xlpm.v, IFERROR(INDEX('3. Enter Indicator Scores'!$D$10:$CZ$161,_xlpm.r,_xlpm.c),""), IF(OR(_xlpm.w="",_xlpm.v=""),"",_xlpm.v*_xlpm.w) )} | F19: {=_xlfn.LET( _xlpm.w, F$11, _xlpm.r, MATCH(1,('3. Enter Indicator Scores'!$B$10:$B$161=$B19)*('3. Enter Indicator Scores'!$C$10:$C$161=$C19),0), _xlpm.c, MATCH(F$8,'3. Enter Indicator Scores'!$D$8:$CZ$8,0), _xlpm.v, IFERROR(INDEX('3. Enter Indicator Scores'!$D$10:$CZ$161,_xlpm.r,_xlpm.c),""), IF(OR(_xlpm.w="",_xlpm.v=""),"",_xlpm.v*_xlpm.w) )} | G19: {=_xlfn.LET( _xlpm.w, G$11, _xlpm.r, MATCH(1,('3. Enter Indicator Scores'!$B$10:$B$161=$B19)*('3. Enter Indicator Scores'!$C$10:$C$161=$C19),0), _xlpm.c, MATCH(G$8,'3. Enter Indicator Scores'!$D$8:$CZ$8,0), _xlpm.v, IFERROR(INDEX('3. Enter Indicator Scores'!$D$10:$CZ$161,_xlpm.r,_xlpm.c),""), IF(OR(_xlpm.w="",_xlpm.v=""),"",_xlpm.v*_xlpm.w) )} | H19: {=_xlfn.LET( _xlpm.w, H$11, _xlpm.r, MATCH(1,('3. Enter Indicator Scores'!$B$10:$B$161=$B19)*('3. Enter Indicator Scores'!$C$10:$C$161=$C19),0), _xlpm.c, MATCH(H$8,'3. Enter Indicator Scores'!$D$8:$CZ$8,0), _xlpm.v, IFERROR(INDEX('3. Enter Indicator Scores'!$D$10:$CZ$161,_xlpm.r,_xlpm.c),""), IF(OR(_xlpm.w="",_xlpm.v=""),"",_xlpm.v*_xlpm.w) )} | I19: {=_xlfn.LET( _xlpm.w, I$11, _xlpm.r, MATCH(1,('3. Enter Indicator Scores'!$B$10:$B$161=$B19)*('3. Enter Indicator Scores'!$C$10:$C$161=$C19),0), _xlpm.c, MATCH(I$8,'3. Enter Indicator Scores'!$D$8:$CZ$8,0), _xlpm.v, IFERROR(INDEX('3. Enter Indicator Scores'!$D$10:$CZ$161,_xlpm.r,_xlpm.c),""), IF(OR(_xlpm.w="",_xlpm.v=""),"",_xlpm.v*_xlpm.w) )} | J19: {=_xlfn.LET( _xlpm.w, J$11, _xlpm.r, MATCH(1,('3. Enter Indicator Scores'!$B$10:$B$161=$B19)*('3. Enter Indicator Scores'!$C$10:$C$161=$C19),0), _xlpm.c, MATCH(J$8,'3. Enter Indicator Scores'!$D$8:$CZ$8,0), _xlpm.v, IFERROR(INDEX('3. Enter Indicator Scores'!$D$10:$CZ$161,_xlpm.r,_xlpm.c),""), IF(OR(_xlpm.w="",_xlpm.v=""),"",_xlpm.v*_xlpm.w) )} | K19: {=_xlfn.LET( _xlpm.w, K$11, _xlpm.r, MATCH(1,('3. Enter Indicator Scores'!$B$10:$B$161=$B19)*('3. Enter Indicator Scores'!$C$10:$C$161=$C19),0), _xlpm.c, MATCH(K$8,'3. Enter Indicator Scores'!$D$8:$CZ$8,0), _xlpm.v, IFERROR(INDEX('3. Enter Indicator Scores'!$D$10:$CZ$161,_xlpm.r,_xlpm.c),""), IF(OR(_xlpm.w="",_xlpm.v=""),"",_xlpm.v*_xlpm.w) )} | ... CZ19: {=_xlfn.LET( _xlpm.w, CZ$11, _xlpm.r, MATCH(1,('3. Enter Indicator Scores'!$B$10:$B$161=$B19)*('3. Enter Indicator Scores'!$C$10:$C$161=$C19),0), _xlpm.c, MATCH(CZ$8,'3. Enter Indicator Scores'!$D$8:$CZ$8,0), _xlpm.v, IFERROR(INDEX('3. Enter Indicator Scores'!$D$10:$CZ$161,_xlpm.r,_xlpm.c),""), IF(OR(_xlpm.w="",_xlpm.v=""),"",_xlpm.v*_xlpm.w) )}
D20: {=_xlfn.LET( _xlpm.w, D$11, _xlpm.r, MATCH(1,('3. Enter Indicator Scores'!$B$10:$B$161=$B20)*('3. Enter Indicator Scores'!$C$10:$C$161=$C20),0), _xlpm.c, MATCH(D$8,'3. Enter Indicator Scores'!$D$8:$CZ$8,0), _xlpm.v, IFERROR(INDEX('3. Enter Indicator Scores'!$D$10:$CZ$161,_xlpm.r,_xlpm.c),""), IF(OR(_xlpm.w="",_xlpm.v=""),"",_xlpm.v*_xlpm.w) )} | E20: {=_xlfn.LET( _xlpm.w, E$11, _xlpm.r, MATCH(1,('3. Enter Indicator Scores'!$B$10:$B$161=$B20)*('3. Enter Indicator Scores'!$C$10:$C$161=$C20),0), _xlpm.c, MATCH(E$8,'3. Enter Indicator Scores'!$D$8:$CZ$8,0), _xlpm.v, IFERROR(INDEX('3. Enter Indicator Scores'!$D$10:$CZ$161,_xlpm.r,_xlpm.c),""), IF(OR(_xlpm.w="",_xlpm.v=""),"",_xlpm.v*_xlpm.w) )} | F20: {=_xlfn.LET( _xlpm.w, F$11, _xlpm.r, MATCH(1,('3. Enter Indicator Scores'!$B$10:$B$161=$B20)*('3. Enter Indicator Scores'!$C$10:$C$161=$C20),0), _xlpm.c, MATCH(F$8,'3. Enter Indicator Scores'!$D$8:$CZ$8,0), _xlpm.v, IFERROR(INDEX('3. Enter Indicator Scores'!$D$10:$CZ$161,_xlpm.r,_xlpm.c),""), IF(OR(_xlpm.w="",_xlpm.v=""),"",_xlpm.v*_xlpm.w) )} | G20: {=_xlfn.LET( _xlpm.w, G$11, _xlpm.r, MATCH(1,('3. Enter Indicator Scores'!$B$10:$B$161=$B20)*('3. Enter Indicator Scores'!$C$10:$C$161=$C20),0), _xlpm.c, MATCH(G$8,'3. Enter Indicator Scores'!$D$8:$CZ$8,0), _xlpm.v, IFERROR(INDEX('3. Enter Indicator Scores'!$D$10:$CZ$161,_xlpm.r,_xlpm.c),""), IF(OR(_xlpm.w="",_xlpm.v=""),"",_xlpm.v*_xlpm.w) )} | H20: {=_xlfn.LET( _xlpm.w, H$11, _xlpm.r, MATCH(1,('3. Enter Indicator Scores'!$B$10:$B$161=$B20)*('3. Enter Indicator Scores'!$C$10:$C$161=$C20),0), _xlpm.c, MATCH(H$8,'3. Enter Indicator Scores'!$D$8:$CZ$8,0), _xlpm.v, IFERROR(INDEX('3. Enter Indicator Scores'!$D$10:$CZ$161,_xlpm.r,_xlpm.c),""), IF(OR(_xlpm.w="",_xlpm.v=""),"",_xlpm.v*_xlpm.w) )} | I20: {=_xlfn.LET( _xlpm.w, I$11, _xlpm.r, MATCH(1,('3. Enter Indicator Scores'!$B$10:$B$161=$B20)*('3. Enter Indicator Scores'!$C$10:$C$161=$C20),0), _xlpm.c, MATCH(I$8,'3. Enter Indicator Scores'!$D$8:$CZ$8,0), _xlpm.v, IFERROR(INDEX('3. Enter Indicator Scores'!$D$10:$CZ$161,_xlpm.r,_xlpm.c),""), IF(OR(_xlpm.w="",_xlpm.v=""),"",_xlpm.v*_xlpm.w) )} | J20: {=_xlfn.LET( _xlpm.w, J$11, _xlpm.r, MATCH(1,('3. Enter Indicator Scores'!$B$10:$B$161=$B20)*('3. Enter Indicator Scores'!$C$10:$C$161=$C20),0), _xlpm.c, MATCH(J$8,'3. Enter Indicator Scores'!$D$8:$CZ$8,0), _xlpm.v, IFERROR(INDEX('3. Enter Indicator Scores'!$D$10:$CZ$161,_xlpm.r,_xlpm.c),""), IF(OR(_xlpm.w="",_xlpm.v=""),"",_xlpm.v*_xlpm.w) )} | K20: {=_xlfn.LET( _xlpm.w, K$11, _xlpm.r, MATCH(1,('3. Enter Indicator Scores'!$B$10:$B$161=$B20)*('3. Enter Indicator Scores'!$C$10:$C$161=$C20),0), _xlpm.c, MATCH(K$8,'3. Enter Indicator Scores'!$D$8:$CZ$8,0), _xlpm.v, IFERROR(INDEX('3. Enter Indicator Scores'!$D$10:$CZ$161,_xlpm.r,_xlpm.c),""), IF(OR(_xlpm.w="",_xlpm.v=""),"",_xlpm.v*_xlpm.w) )} | ... CZ20: {=_xlfn.LET( _xlpm.w, CZ$11, _xlpm.r, MATCH(1,('3. Enter Indicator Scores'!$B$10:$B$161=$B20)*('3. Enter Indicator Scores'!$C$10:$C$161=$C20),0), _xlpm.c, MATCH(CZ$8,'3. Enter Indicator Scores'!$D$8:$CZ$8,0), _xlpm.v, IFERROR(INDEX('3. Enter Indicator Scores'!$D$10:$CZ$161,_xlpm.r,_xlpm.c),""), IF(OR(_xlpm.w="",_xlpm.v=""),"",_xlpm.v*_xlpm.w) )}
D21: {=_xlfn.LET( _xlpm.w, D$11, _xlpm.r, MATCH(1,('3. Enter Indicator Scores'!$B$10:$B$161=$B21)*('3. Enter Indicator Scores'!$C$10:$C$161=$C21),0), _xlpm.c, MATCH(D$8,'3. Enter Indicator Scores'!$D$8:$CZ$8,0), _xlpm.v, IFERROR(INDEX('3. Enter Indicator Scores'!$D$10:$CZ$161,_xlpm.r,_xlpm.c),""), IF(OR(_xlpm.w="",_xlpm.v=""),"",_xlpm.v*_xlpm.w) )} | E21: {=_xlfn.LET( _xlpm.w, E$11, _xlpm.r, MATCH(1,('3. Enter Indicator Scores'!$B$10:$B$161=$B21)*('3. Enter Indicator Scores'!$C$10:$C$161=$C21),0), _xlpm.c, MATCH(E$8,'3. Enter Indicator Scores'!$D$8:$CZ$8,0), _xlpm.v, IFERROR(INDEX('3. Enter Indicator Scores'!$D$10:$CZ$161,_xlpm.r,_xlpm.c),""), IF(OR(_xlpm.w="",_xlpm.v=""),"",_xlpm.v*_xlpm.w) )} | F21: {=_xlfn.LET( _xlpm.w, F$11, _xlpm.r, MATCH(1,('3. Enter Indicator Scores'!$B$10:$B$161=$B21)*('3. Enter Indicator Scores'!$C$10:$C$161=$C21),0), _xlpm.c, MATCH(F$8,'3. Enter Indicator Scores'!$D$8:$CZ$8,0), _xlpm.v, IFERROR(INDEX('3. Enter Indicator Scores'!$D$10:$CZ$161,_xlpm.r,_xlpm.c),""), IF(OR(_xlpm.w="",_xlpm.v=""),"",_xlpm.v*_xlpm.w) )} | G21: {=_xlfn.LET( _xlpm.w, G$11, _xlpm.r, MATCH(1,('3. Enter Indicator Scores'!$B$10:$B$161=$B21)*('3. Enter Indicator Scores'!$C$10:$C$161=$C21),0), _xlpm.c, MATCH(G$8,'3. Enter Indicator Scores'!$D$8:$CZ$8,0), _xlpm.v, IFERROR(INDEX('3. Enter Indicator Scores'!$D$10:$CZ$161,_xlpm.r,_xlpm.c),""), IF(OR(_xlpm.w="",_xlpm.v=""),"",_xlpm.v*_xlpm.w) )} | H21: {=_xlfn.LET( _xlpm.w, H$11, _xlpm.r, MATCH(1,('3. Enter Indicator Scores'!$B$10:$B$161=$B21)*('3. Enter Indicator Scores'!$C$10:$C$161=$C21),0), _xlpm.c, MATCH(H$8,'3. Enter Indicator Scores'!$D$8:$CZ$8,0), _xlpm.v, IFERROR(INDEX('3. Enter Indicator Scores'!$D$10:$CZ$161,_xlpm.r,_xlpm.c),""), IF(OR(_xlpm.w="",_xlpm.v=""),"",_xlpm.v*_xlpm.w) )} | I21: {=_xlfn.LET( _xlpm.w, I$11, _xlpm.r, MATCH(1,('3. Enter Indicator Scores'!$B$10:$B$161=$B21)*('3. Enter Indicator Scores'!$C$10:$C$161=$C21),0), _xlpm.c, MATCH(I$8,'3. Enter Indicator Scores'!$D$8:$CZ$8,0), _xlpm.v, IFERROR(INDEX('3. Enter Indicator Scores'!$D$10:$CZ$161,_xlpm.r,_xlpm.c),""), IF(OR(_xlpm.w="",_xlpm.v=""),"",_xlpm.v*_xlpm.w) )} | J21: {=_xlfn.LET( _xlpm.w, J$11, _xlpm.r, MATCH(1,('3. Enter Indicator Scores'!$B$10:$B$161=$B21)*('3. Enter Indicator Scores'!$C$10:$C$161=$C21),0), _xlpm.c, MATCH(J$8,'3. Enter Indicator Scores'!$D$8:$CZ$8,0), _xlpm.v, IFERROR(INDEX('3. Enter Indicator Scores'!$D$10:$CZ$161,_xlpm.r,_xlpm.c),""), IF(OR(_xlpm.w="",_xlpm.v=""),"",_xlpm.v*_xlpm.w) )} | K21: {=_xlfn.LET( _xlpm.w, K$11, _xlpm.r, MATCH(1,('3. Enter Indicator Scores'!$B$10:$B$161=$B21)*('3. Enter Indicator Scores'!$C$10:$C$161=$C21),0), _xlpm.c, MATCH(K$8,'3. Enter Indicator Scores'!$D$8:$CZ$8,0), _xlpm.v, IFERROR(INDEX('3. Enter Indicator Scores'!$D$10:$CZ$161,_xlpm.r,_xlpm.c),""), IF(OR(_xlpm.w="",_xlpm.v=""),"",_xlpm.v*_xlpm.w) )} | ... CZ21: {=_xlfn.LET( _xlpm.w, CZ$11, _xlpm.r, MATCH(1,('3. Enter Indicator Scores'!$B$10:$B$161=$B21)*('3. Enter Indicator Scores'!$C$10:$C$161=$C21),0), _xlpm.c, MATCH(CZ$8,'3. Enter Indicator Scores'!$D$8:$CZ$8,0), _xlpm.v, IFERROR(INDEX('3. Enter Indicator Scores'!$D$10:$CZ$161,_xlpm.r,_xlpm.c),""), IF(OR(_xlpm.w="",_xlpm.v=""),"",_xlpm.v*_xlpm.w) )}
D22: {=_xlfn.LET( _xlpm.w, D$11, _xlpm.r, MATCH(1,('3. Enter Indicator Scores'!$B$10:$B$161=$B22)*('3. Enter Indicator Scores'!$C$10:$C$161=$C22),0), _xlpm.c, MATCH(D$8,'3. Enter Indicator Scores'!$D$8:$CZ$8,0), _xlpm.v, IFERROR(INDEX('3. Enter Indicator Scores'!$D$10:$CZ$161,_xlpm.r,_xlpm.c),""), IF(OR(_xlpm.w="",_xlpm.v=""),"",_xlpm.v*_xlpm.w) )} | E22: {=_xlfn.LET( _xlpm.w, E$11, _xlpm.r, MATCH(1,('3. Enter Indicator Scores'!$B$10:$B$161=$B22)*('3. Enter Indicator Scores'!$C$10:$C$161=$C22),0), _xlpm.c, MATCH(E$8,'3. Enter Indicator Scores'!$D$8:$CZ$8,0), _xlpm.v, IFERROR(INDEX('3. Enter Indicator Scores'!$D$10:$CZ$161,_xlpm.r,_xlpm.c),""), IF(OR(_xlpm.w="",_xlpm.v=""),"",_xlpm.v*_xlpm.w) )} | F22: {=_xlfn.LET( _xlpm.w, F$11, _xlpm.r, MATCH(1,('3. Enter Indicator Scores'!$B$10:$B$161=$B22)*('3. Enter Indicator Scores'!$C$10:$C$161=$C22),0), _xlpm.c, MATCH(F$8,'3. Enter Indicator Scores'!$D$8:$CZ$8,0), _xlpm.v, IFERROR(INDEX('3. Enter Indicator Scores'!$D$10:$CZ$161,_xlpm.r,_xlpm.c),""), IF(OR(_xlpm.w="",_xlpm.v=""),"",_xlpm.v*_xlpm.w) )} | G22: {=_xlfn.LET( _xlpm.w, G$11, _xlpm.r, MATCH(1,('3. Enter Indicator Scores'!$B$10:$B$161=$B22)*('3. Enter Indicator Scores'!$C$10:$C$161=$C22),0), _xlpm.c, MATCH(G$8,'3. Enter Indicator Scores'!$D$8:$CZ$8,0), _xlpm.v, IFERROR(INDEX('3. Enter Indicator Scores'!$D$10:$CZ$161,_xlpm.r,_xlpm.c),""), IF(OR(_xlpm.w="",_xlpm.v=""),"",_xlpm.v*_xlpm.w) )} | H22: {=_xlfn.LET( _xlpm.w, H$11, _xlpm.r, MATCH(1,('3. Enter Indicator Scores'!$B$10:$B$161=$B22)*('3. Enter Indicator Scores'!$C$10:$C$161=$C22),0), _xlpm.c, MATCH(H$8,'3. Enter Indicator Scores'!$D$8:$CZ$8,0), _xlpm.v, IFERROR(INDEX('3. Enter Indicator Scores'!$D$10:$CZ$161,_xlpm.r,_xlpm.c),""), IF(OR(_xlpm.w="",_xlpm.v=""),"",_xlpm.v*_xlpm.w) )} | I22: {=_xlfn.LET( _xlpm.w, I$11, _xlpm.r, MATCH(1,('3. Enter Indicator Scores'!$B$10:$B$161=$B22)*('3. Enter Indicator Scores'!$C$10:$C$161=$C22),0), _xlpm.c, MATCH(I$8,'3. Enter Indicator Scores'!$D$8:$CZ$8,0), _xlpm.v, IFERROR(INDEX('3. Enter Indicator Scores'!$D$10:$CZ$161,_xlpm.r,_xlpm.c),""), IF(OR(_xlpm.w="",_xlpm.v=""),"",_xlpm.v*_xlpm.w) )} | J22: {=_xlfn.LET( _xlpm.w, J$11, _xlpm.r, MATCH(1,('3. Enter Indicator Scores'!$B$10:$B$161=$B22)*('3. Enter Indicator Scores'!$C$10:$C$161=$C22),0), _xlpm.c, MATCH(J$8,'3. Enter Indicator Scores'!$D$8:$CZ$8,0), _xlpm.v, IFERROR(INDEX('3. Enter Indicator Scores'!$D$10:$CZ$161,_xlpm.r,_xlpm.c),""), IF(OR(_xlpm.w="",_xlpm.v=""),"",_xlpm.v*_xlpm.w) )} | K22: {=_xlfn.LET( _xlpm.w, K$11, _xlpm.r, MATCH(1,('3. Enter Indicator Scores'!$B$10:$B$161=$B22)*('3. Enter Indicator Scores'!$C$10:$C$161=$C22),0), _xlpm.c, MATCH(K$8,'3. Enter Indicator Scores'!$D$8:$CZ$8,0), _xlpm.v, IFERROR(INDEX('3. Enter Indicator Scores'!$D$10:$CZ$161,_xlpm.r,_xlpm.c),""), IF(OR(_xlpm.w="",_xlpm.v=""),"",_xlpm.v*_xlpm.w) )} | ... CZ22: {=_xlfn.LET( _xlpm.w, CZ$11, _xlpm.r, MATCH(1,('3. Enter Indicator Scores'!$B$10:$B$161=$B22)*('3. Enter Indicator Scores'!$C$10:$C$161=$C22),0), _xlpm.c, MATCH(CZ$8,'3. Enter Indicator Scores'!$D$8:$CZ$8,0), _xlpm.v, IFERROR(INDEX('3. Enter Indicator Scores'!$D$10:$CZ$161,_xlpm.r,_xlpm.c),""), IF(OR(_xlpm.w="",_xlpm.v=""),"",_xlpm.v*_xlpm.w) )}
D23: {=_xlfn.LET( _xlpm.w, D$11, _xlpm.r, MATCH(1,('3. Enter Indicator Scores'!$B$10:$B$161=$B23)*('3. Enter Indicator Scores'!$C$10:$C$161=$C23),0), _xlpm.c, MATCH(D$8,'3. Enter Indicator Scores'!$D$8:$CZ$8,0), _xlpm.v, IFERROR(INDEX('3. Enter Indicator Scores'!$D$10:$CZ$161,_xlpm.r,_xlpm.c),""), IF(OR(_xlpm.w="",_xlpm.v=""),"",_xlpm.v*_xlpm.w) )} | E23: {=_xlfn.LET( _xlpm.w, E$11, _xlpm.r, MATCH(1,('3. Enter Indicator Scores'!$B$10:$B$161=$B23)*('3. Enter Indicator Scores'!$C$10:$C$161=$C23),0), _xlpm.c, MATCH(E$8,'3. Enter Indicator Scores'!$D$8:$CZ$8,0), _xlpm.v, IFERROR(INDEX('3. Enter Indicator Scores'!$D$10:$CZ$161,_xlpm.r,_xlpm.c),""), IF(OR(_xlpm.w="",_xlpm.v=""),"",_xlpm.v*_xlpm.w) )} | F23: {=_xlfn.LET( _xlpm.w, F$11, _xlpm.r, MATCH(1,('3. Enter Indicator Scores'!$B$10:$B$161=$B23)*('3. Enter Indicator Scores'!$C$10:$C$161=$C23),0), _xlpm.c, MATCH(F$8,'3. Enter Indicator Scores'!$D$8:$CZ$8,0), _xlpm.v, IFERROR(INDEX('3. Enter Indicator Scores'!$D$10:$CZ$161,_xlpm.r,_xlpm.c),""), IF(OR(_xlpm.w="",_xlpm.v=""),"",_xlpm.v*_xlpm.w) )} | G23: {=_xlfn.LET( _xlpm.w, G$11, _xlpm.r, MATCH(1,('3. Enter Indicator Scores'!$B$10:$B$161=$B23)*('3. Enter Indicator Scores'!$C$10:$C$161=$C23),0), _xlpm.c, MATCH(G$8,'3. Enter Indicator Scores'!$D$8:$CZ$8,0), _xlpm.v, IFERROR(INDEX('3. Enter Indicator Scores'!$D$10:$CZ$161,_xlpm.r,_xlpm.c),""), IF(OR(_xlpm.w="",_xlpm.v=""),"",_xlpm.v*_xlpm.w) )} | H23: {=_xlfn.LET( _xlpm.w, H$11, _xlpm.r, MATCH(1,('3. Enter Indicator Scores'!$B$10:$B$161=$B23)*('3. Enter Indicator Scores'!$C$10:$C$161=$C23),0), _xlpm.c, MATCH(H$8,'3. Enter Indicator Scores'!$D$8:$CZ$8,0), _xlpm.v, IFERROR(INDEX('3. Enter Indicator Scores'!$D$10:$CZ$161,_xlpm.r,_xlpm.c),""), IF(OR(_xlpm.w="",_xlpm.v=""),"",_xlpm.v*_xlpm.w) )} | I23: {=_xlfn.LET( _xlpm.w, I$11, _xlpm.r, MATCH(1,('3. Enter Indicator Scores'!$B$10:$B$161=$B23)*('3. Enter Indicator Scores'!$C$10:$C$161=$C23),0), _xlpm.c, MATCH(I$8,'3. Enter Indicator Scores'!$D$8:$CZ$8,0), _xlpm.v, IFERROR(INDEX('3. Enter Indicator Scores'!$D$10:$CZ$161,_xlpm.r,_xlpm.c),""), IF(OR(_xlpm.w="",_xlpm.v=""),"",_xlpm.v*_xlpm.w) )} | J23: {=_xlfn.LET( _xlpm.w, J$11, _xlpm.r, MATCH(1,('3. Enter Indicator Scores'!$B$10:$B$161=$B23)*('3. Enter Indicator Scores'!$C$10:$C$161=$C23),0), _xlpm.c, MATCH(J$8,'3. Enter Indicator Scores'!$D$8:$CZ$8,0), _xlpm.v, IFERROR(INDEX('3. Enter Indicator Scores'!$D$10:$CZ$161,_xlpm.r,_xlpm.c),""), IF(OR(_xlpm.w="",_xlpm.v=""),"",_xlpm.v*_xlpm.w) )} | K23: {=_xlfn.LET( _xlpm.w, K$11, _xlpm.r, MATCH(1,('3. Enter Indicator Scores'!$B$10:$B$161=$B23)*('3. Enter Indicator Scores'!$C$10:$C$161=$C23),0), _xlpm.c, MATCH(K$8,'3. Enter Indicator Scores'!$D$8:$CZ$8,0), _xlpm.v, IFERROR(INDEX('3. Enter Indicator Scores'!$D$10:$CZ$161,_xlpm.r,_xlpm.c),""), IF(OR(_xlpm.w="",_xlpm.v=""),"",_xlpm.v*_xlpm.w) )} | ... CZ23: {=_xlfn.LET( _xlpm.w, CZ$11, _xlpm.r, MATCH(1,('3. Enter Indicator Scores'!$B$10:$B$161=$B23)*('3. Enter Indicator Scores'!$C$10:$C$161=$C23),0), _xlpm.c, MATCH(CZ$8,'3. Enter Indicator Scores'!$D$8:$CZ$8,0), _xlpm.v, IFERROR(INDEX('3. Enter Indicator Scores'!$D$10:$CZ$161,_xlpm.r,_xlpm.c),""), IF(OR(_xlpm.w="",_xlpm.v=""),"",_xlpm.v*_xlpm.w) )}
D24: {=_xlfn.LET( _xlpm.w, D$11, _xlpm.r, MATCH(1,('3. Enter Indicator Scores'!$B$10:$B$161=$B24)*('3. Enter Indicator Scores'!$C$10:$C$161=$C24),0), _xlpm.c, MATCH(D$8,'3. Enter Indicator Scores'!$D$8:$CZ$8,0), _xlpm.v, IFERROR(INDEX('3. Enter Indicator Scores'!$D$10:$CZ$161,_xlpm.r,_xlpm.c),""), IF(OR(_xlpm.w="",_xlpm.v=""),"",_xlpm.v*_xlpm.w) )} | E24: {=_xlfn.LET( _xlpm.w, E$11, _xlpm.r, MATCH(1,('3. Enter Indicator Scores'!$B$10:$B$161=$B24)*('3. Enter Indicator Scores'!$C$10:$C$161=$C24),0), _xlpm.c, MATCH(E$8,'3. Enter Indicator Scores'!$D$8:$CZ$8,0), _xlpm.v, IFERROR(INDEX('3. Enter Indicator Scores'!$D$10:$CZ$161,_xlpm.r,_xlpm.c),""), IF(OR(_xlpm.w="",_xlpm.v=""),"",_xlpm.v*_xlpm.w) )} | F24: {=_xlfn.LET( _xlpm.w, F$11, _xlpm.r, MATCH(1,('3. Enter Indicator Scores'!$B$10:$B$161=$B24)*('3. Enter Indicator Scores'!$C$10:$C$161=$C24),0), _xlpm.c, MATCH(F$8,'3. Enter Indicator Scores'!$D$8:$CZ$8,0), _xlpm.v, IFERROR(INDEX('3. Enter Indicator Scores'!$D$10:$CZ$161,_xlpm.r,_xlpm.c),""), IF(OR(_xlpm.w="",_xlpm.v=""),"",_xlpm.v*_xlpm.w) )} | G24: {=_xlfn.LET( _xlpm.w, G$11, _xlpm.r, MATCH(1,('3. Enter Indicator Scores'!$B$10:$B$161=$B24)*('3. Enter Indicator Scores'!$C$10:$C$161=$C24),0), _xlpm.c, MATCH(G$8,'3. Enter Indicator Scores'!$D$8:$CZ$8,0), _xlpm.v, IFERROR(INDEX('3. Enter Indicator Scores'!$D$10:$CZ$161,_xlpm.r,_xlpm.c),""), IF(OR(_xlpm.w="",_xlpm.v=""),"",_xlpm.v*_xlpm.w) )} | H24: {=_xlfn.LET( _xlpm.w, H$11, _xlpm.r, MATCH(1,('3. Enter Indicator Scores'!$B$10:$B$161=$B24)*('3. Enter Indicator Scores'!$C$10:$C$161=$C24),0), _xlpm.c, MATCH(H$8,'3. Enter Indicator Scores'!$D$8:$CZ$8,0), _xlpm.v, IFERROR(INDEX('3. Enter Indicator Scores'!$D$10:$CZ$161,_xlpm.r,_xlpm.c),""), IF(OR(_xlpm.w="",_xlpm.v=""),"",_xlpm.v*_xlpm.w) )} | I24: {=_xlfn.LET( _xlpm.w, I$11, _xlpm.r, MATCH(1,('3. Enter Indicator Scores'!$B$10:$B$161=$B24)*('3. Enter Indicator Scores'!$C$10:$C$161=$C24),0), _xlpm.c, MATCH(I$8,'3. Enter Indicator Scores'!$D$8:$CZ$8,0), _xlpm.v, IFERROR(INDEX('3. Enter Indicator Scores'!$D$10:$CZ$161,_xlpm.r,_xlpm.c),""), IF(OR(_xlpm.w="",_xlpm.v=""),"",_xlpm.v*_xlpm.w) )} | J24: {=_xlfn.LET( _xlpm.w, J$11, _xlpm.r, MATCH(1,('3. Enter Indicator Scores'!$B$10:$B$161=$B24)*('3. Enter Indicator Scores'!$C$10:$C$161=$C24),0), _xlpm.c, MATCH(J$8,'3. Enter Indicator Scores'!$D$8:$CZ$8,0), _xlpm.v, IFERROR(INDEX('3. Enter Indicator Scores'!$D$10:$CZ$161,_xlpm.r,_xlpm.c),""), IF(OR(_xlpm.w="",_xlpm.v=""),"",_xlpm.v*_xlpm.w) )} | K24: {=_xlfn.LET( _xlpm.w, K$11, _xlpm.r, MATCH(1,('3. Enter Indicator Scores'!$B$10:$B$161=$B24)*('3. Enter Indicator Scores'!$C$10:$C$161=$C24),0), _xlpm.c, MATCH(K$8,'3. Enter Indicator Scores'!$D$8:$CZ$8,0), _xlpm.v, IFERROR(INDEX('3. Enter Indicator Scores'!$D$10:$CZ$161,_xlpm.r,_xlpm.c),""), IF(OR(_xlpm.w="",_xlpm.v=""),"",_xlpm.v*_xlpm.w) )} | ... CZ24: {=_xlfn.LET( _xlpm.w, CZ$11, _xlpm.r, MATCH(1,('3. Enter Indicator Scores'!$B$10:$B$161=$B24)*('3. Enter Indicator Scores'!$C$10:$C$161=$C24),0), _xlpm.c, MATCH(CZ$8,'3. Enter Indicator Scores'!$D$8:$CZ$8,0), _xlpm.v, IFERROR(INDEX('3. Enter Indicator Scores'!$D$10:$CZ$161,_xlpm.r,_xlpm.c),""), IF(OR(_xlpm.w="",_xlpm.v=""),"",_xlpm.v*_xlpm.w) )}
D25: {=_xlfn.LET( _xlpm.w, D$11, _xlpm.r, MATCH(1,('3. Enter Indicator Scores'!$B$10:$B$161=$B25)*('3. Enter Indicator Scores'!$C$10:$C$161=$C25),0), _xlpm.c, MATCH(D$8,'3. Enter Indicator Scores'!$D$8:$CZ$8,0), _xlpm.v, IFERROR(INDEX('3. Enter Indicator Scores'!$D$10:$CZ$161,_xlpm.r,_xlpm.c),""), IF(OR(_xlpm.w="",_xlpm.v=""),"",_xlpm.v*_xlpm.w) )} | E25: {=_xlfn.LET( _xlpm.w, E$11, _xlpm.r, MATCH(1,('3. Enter Indicator Scores'!$B$10:$B$161=$B25)*('3. Enter Indicator Scores'!$C$10:$C$161=$C25),0), _xlpm.c, MATCH(E$8,'3. Enter Indicator Scores'!$D$8:$CZ$8,0), _xlpm.v, IFERROR(INDEX('3. Enter Indicator Scores'!$D$10:$CZ$161,_xlpm.r,_xlpm.c),""), IF(OR(_xlpm.w="",_xlpm.v=""),"",_xlpm.v*_xlpm.w) )} | F25: {=_xlfn.LET( _xlpm.w, F$11, _xlpm.r, MATCH(1,('3. Enter Indicator Scores'!$B$10:$B$161=$B25)*('3. Enter Indicator Scores'!$C$10:$C$161=$C25),0), _xlpm.c, MATCH(F$8,'3. Enter Indicator Scores'!$D$8:$CZ$8,0), _xlpm.v, IFERROR(INDEX('3. Enter Indicator Scores'!$D$10:$CZ$161,_xlpm.r,_xlpm.c),""), IF(OR(_xlpm.w="",_xlpm.v=""),"",_xlpm.v*_xlpm.w) )} | G25: {=_xlfn.LET( _xlpm.w, G$11, _xlpm.r, MATCH(1,('3. Enter Indicator Scores'!$B$10:$B$161=$B25)*('3. Enter Indicator Scores'!$C$10:$C$161=$C25),0), _xlpm.c, MATCH(G$8,'3. Enter Indicator Scores'!$D$8:$CZ$8,0), _xlpm.v, IFERROR(INDEX('3. Enter Indicator Scores'!$D$10:$CZ$161,_xlpm.r,_xlpm.c),""), IF(OR(_xlpm.w="",_xlpm.v=""),"",_xlpm.v*_xlpm.w) )} | H25: {=_xlfn.LET( _xlpm.w, H$11, _xlpm.r, MATCH(1,('3. Enter Indicator Scores'!$B$10:$B$161=$B25)*('3. Enter Indicator Scores'!$C$10:$C$161=$C25),0), _xlpm.c, MATCH(H$8,'3. Enter Indicator Scores'!$D$8:$CZ$8,0), _xlpm.v, IFERROR(INDEX('3. Enter Indicator Scores'!$D$10:$CZ$161,_xlpm.r,_xlpm.c),""), IF(OR(_xlpm.w="",_xlpm.v=""),"",_xlpm.v*_xlpm.w) )} | I25: {=_xlfn.LET( _xlpm.w, I$11, _xlpm.r, MATCH(1,('3. Enter Indicator Scores'!$B$10:$B$161=$B25)*('3. Enter Indicator Scores'!$C$10:$C$161=$C25),0), _xlpm.c, MATCH(I$8,'3. Enter Indicator Scores'!$D$8:$CZ$8,0), _xlpm.v, IFERROR(INDEX('3. Enter Indicator Scores'!$D$10:$CZ$161,_xlpm.r,_xlpm.c),""), IF(OR(_xlpm.w="",_xlpm.v=""),"",_xlpm.v*_xlpm.w) )} | J25: {=_xlfn.LET( _xlpm.w, J$11, _xlpm.r, MATCH(1,('3. Enter Indicator Scores'!$B$10:$B$161=$B25)*('3. Enter Indicator Scores'!$C$10:$C$161=$C25),0), _xlpm.c, MATCH(J$8,'3. Enter Indicator Scores'!$D$8:$CZ$8,0), _xlpm.v, IFERROR(INDEX('3. Enter Indicator Scores'!$D$10:$CZ$161,_xlpm.r,_xlpm.c),""), IF(OR(_xlpm.w="",_xlpm.v=""),"",_xlpm.v*_xlpm.w) )} | K25: {=_xlfn.LET( _xlpm.w, K$11, _xlpm.r, MATCH(1,('3. Enter Indicator Scores'!$B$10:$B$161=$B25)*('3. Enter Indicator Scores'!$C$10:$C$161=$C25),0), _xlpm.c, MATCH(K$8,'3. Enter Indicator Scores'!$D$8:$CZ$8,0), _xlpm.v, IFERROR(INDEX('3. Enter Indicator Scores'!$D$10:$CZ$161,_xlpm.r,_xlpm.c),""), IF(OR(_xlpm.w="",_xlpm.v=""),"",_xlpm.v*_xlpm.w) )} | ... CZ25: {=_xlfn.LET( _xlpm.w, CZ$11, _xlpm.r, MATCH(1,('3. Enter Indicator Scores'!$B$10:$B$161=$B25)*('3. Enter Indicator Scores'!$C$10:$C$161=$C25),0), _xlpm.c, MATCH(CZ$8,'3. Enter Indicator Scores'!$D$8:$CZ$8,0), _xlpm.v, IFERROR(INDEX('3. Enter Indicator Scores'!$D$10:$CZ$161,_xlpm.r,_xlpm.c),""), IF(OR(_xlpm.w="",_xlpm.v=""),"",_xlpm.v*_xlpm.w) )}
D26: {=_xlfn.LET( _xlpm.w, D$11, _xlpm.r, MATCH(1,('3. Enter Indicator Scores'!$B$10:$B$161=$B26)*('3. Enter Indicator Scores'!$C$10:$C$161=$C26),0), _xlpm.c, MATCH(D$8,'3. Enter Indicator Scores'!$D$8:$CZ$8,0), _xlpm.v, IFERROR(INDEX('3. Enter Indicator Scores'!$D$10:$CZ$161,_xlpm.r,_xlpm.c),""), IF(OR(_xlpm.w="",_xlpm.v=""),"",_xlpm.v*_xlpm.w) )} | E26: {=_xlfn.LET( _xlpm.w, E$11, _xlpm.r, MATCH(1,('3. Enter Indicator Scores'!$B$10:$B$161=$B26)*('3. Enter Indicator Scores'!$C$10:$C$161=$C26),0), _xlpm.c, MATCH(E$8,'3. Enter Indicator Scores'!$D$8:$CZ$8,0), _xlpm.v, IFERROR(INDEX('3. Enter Indicator Scores'!$D$10:$CZ$161,_xlpm.r,_xlpm.c),""), IF(OR(_xlpm.w="",_xlpm.v=""),"",_xlpm.v*_xlpm.w) )} | F26: {=_xlfn.LET( _xlpm.w, F$11, _xlpm.r, MATCH(1,('3. Enter Indicator Scores'!$B$10:$B$161=$B26)*('3. Enter Indicator Scores'!$C$10:$C$161=$C26),0), _xlpm.c, MATCH(F$8,'3. Enter Indicator Scores'!$D$8:$CZ$8,0), _xlpm.v, IFERROR(INDEX('3. Enter Indicator Scores'!$D$10:$CZ$161,_xlpm.r,_xlpm.c),""), IF(OR(_xlpm.w="",_xlpm.v=""),"",_xlpm.v*_xlpm.w) )} | G26: {=_xlfn.LET( _xlpm.w, G$11, _xlpm.r, MATCH(1,('3. Enter Indicator Scores'!$B$10:$B$161=$B26)*('3. Enter Indicator Scores'!$C$10:$C$161=$C26),0), _xlpm.c, MATCH(G$8,'3. Enter Indicator Scores'!$D$8:$CZ$8,0), _xlpm.v, IFERROR(INDEX('3. Enter Indicator Scores'!$D$10:$CZ$161,_xlpm.r,_xlpm.c),""), IF(OR(_xlpm.w="",_xlpm.v=""),"",_xlpm.v*_xlpm.w) )} | H26: {=_xlfn.LET( _xlpm.w, H$11, _xlpm.r, MATCH(1,('3. Enter Indicator Scores'!$B$10:$B$161=$B26)*('3. Enter Indicator Scores'!$C$10:$C$161=$C26),0), _xlpm.c, MATCH(H$8,'3. Enter Indicator Scores'!$D$8:$CZ$8,0), _xlpm.v, IFERROR(INDEX('3. Enter Indicator Scores'!$D$10:$CZ$161,_xlpm.r,_xlpm.c),""), IF(OR(_xlpm.w="",_xlpm.v=""),"",_xlpm.v*_xlpm.w) )} | I26: {=_xlfn.LET( _xlpm.w, I$11, _xlpm.r, MATCH(1,('3. Enter Indicator Scores'!$B$10:$B$161=$B26)*('3. Enter Indicator Scores'!$C$10:$C$161=$C26),0), _xlpm.c, MATCH(I$8,'3. Enter Indicator Scores'!$D$8:$CZ$8,0), _xlpm.v, IFERROR(INDEX('3. Enter Indicator Scores'!$D$10:$CZ$161,_xlpm.r,_xlpm.c),""), IF(OR(_xlpm.w="",_xlpm.v=""),"",_xlpm.v*_xlpm.w) )} | J26: {=_xlfn.LET( _xlpm.w, J$11, _xlpm.r, MATCH(1,('3. Enter Indicator Scores'!$B$10:$B$161=$B26)*('3. Enter Indicator Scores'!$C$10:$C$161=$C26),0), _xlpm.c, MATCH(J$8,'3. Enter Indicator Scores'!$D$8:$CZ$8,0), _xlpm.v, IFERROR(INDEX('3. Enter Indicator Scores'!$D$10:$CZ$161,_xlpm.r,_xlpm.c),""), IF(OR(_xlpm.w="",_xlpm.v=""),"",_xlpm.v*_xlpm.w) )} | K26: {=_xlfn.LET( _xlpm.w, K$11, _xlpm.r, MATCH(1,('3. Enter Indicator Scores'!$B$10:$B$161=$B26)*('3. Enter Indicator Scores'!$C$10:$C$161=$C26),0), _xlpm.c, MATCH(K$8,'3. Enter Indicator Scores'!$D$8:$CZ$8,0), _xlpm.v, IFERROR(INDEX('3. Enter Indicator Scores'!$D$10:$CZ$161,_xlpm.r,_xlpm.c),""), IF(OR(_xlpm.w="",_xlpm.v=""),"",_xlpm.v*_xlpm.w) )} | ... CZ26: {=_xlfn.LET( _xlpm.w, CZ$11, _xlpm.r, MATCH(1,('3. Enter Indicator Scores'!$B$10:$B$161=$B26)*('3. Enter Indicator Scores'!$C$10:$C$161=$C26),0), _xlpm.c, MATCH(CZ$8,'3. Enter Indicator Scores'!$D$8:$CZ$8,0), _xlpm.v, IFERROR(INDEX('3. Enter Indicator Scores'!$D$10:$CZ$161,_xlpm.r,_xlpm.c),""), IF(OR(_xlpm.w="",_xlpm.v=""),"",_xlpm.v*_xlpm.w) )}
... D161: {=_xlfn.LET( _xlpm.w, D$11, _xlpm.r, MATCH(1,('3. Enter Indicator Scores'!$B$10:$B$161=$B161)*('3. Enter Indicator Scores'!$C$10:$C$161=$C161),0), _xlpm.c, MATCH(D$8,'3. Enter Indicator Scores'!$D$8:$CZ$8,0), _xlpm.v, IFERROR(INDEX('3. Enter Indicator Scores'!$D$10:$CZ$161,_xlpm.r,_xlpm.c),""), IF(OR(_xlpm.w="",_xlpm.v=""),"",_xlpm.v*_xlpm.w) )} | E161: {=_xlfn.LET( _xlpm.w, E$11, _xlpm.r, MATCH(1,('3. Enter Indicator Scores'!$B$10:$B$161=$B161)*('3. Enter Indicator Scores'!$C$10:$C$161=$C161),0), _xlpm.c, MATCH(E$8,'3. Enter Indicator Scores'!$D$8:$CZ$8,0), _xlpm.v, IFERROR(INDEX('3. Enter Indicator Scores'!$D$10:$CZ$161,_xlpm.r,_xlpm.c),""), IF(OR(_xlpm.w="",_xlpm.v=""),"",_xlpm.v*_xlpm.w) )} | F161: {=_xlfn.LET( _xlpm.w, F$11, _xlpm.r, MATCH(1,('3. Enter Indicator Scores'!$B$10:$B$161=$B161)*('3. Enter Indicator Scores'!$C$10:$C$161=$C161),0), _xlpm.c, MATCH(F$8,'3. Enter Indicator Scores'!$D$8:$CZ$8,0), _xlpm.v, IFERROR(INDEX('3. Enter Indicator Scores'!$D$10:$CZ$161,_xlpm.r,_xlpm.c),""), IF(OR(_xlpm.w="",_xlpm.v=""),"",_xlpm.v*_xlpm.w) )} | G161: {=_xlfn.LET( _xlpm.w, G$11, _xlpm.r, MATCH(1,('3. Enter Indicator Scores'!$B$10:$B$161=$B161)*('3. Enter Indicator Scores'!$C$10:$C$161=$C161),0), _xlpm.c, MATCH(G$8,'3. Enter Indicator Scores'!$D$8:$CZ$8,0), _xlpm.v, IFERROR(INDEX('3. Enter Indicator Scores'!$D$10:$CZ$161,_xlpm.r,_xlpm.c),""), IF(OR(_xlpm.w="",_xlpm.v=""),"",_xlpm.v*_xlpm.w) )} | H161: {=_xlfn.LET( _xlpm.w, H$11, _xlpm.r, MATCH(1,('3. Enter Indicator Scores'!$B$10:$B$161=$B161)*('3. Enter Indicator Scores'!$C$10:$C$161=$C161),0), _xlpm.c, MATCH(H$8,'3. Enter Indicator Scores'!$D$8:$CZ$8,0), _xlpm.v, IFERROR(INDEX('3. Enter Indicator Scores'!$D$10:$CZ$161,_xlpm.r,_xlpm.c),""), IF(OR(_xlpm.w="",_xlpm.v=""),"",_xlpm.v*_xlpm.w) )} | I161: {=_xlfn.LET( _xlpm.w, I$11, _xlpm.r, MATCH(1,('3. Enter Indicator Scores'!$B$10:$B$161=$B161)*('3. Enter Indicator Scores'!$C$10:$C$161=$C161),0), _xlpm.c, MATCH(I$8,'3. Enter Indicator Scores'!$D$8:$CZ$8,0), _xlpm.v, IFERROR(INDEX('3. Enter Indicator Scores'!$D$10:$CZ$161,_xlpm.r,_xlpm.c),""), IF(OR(_xlpm.w="",_xlpm.v=""),"",_xlpm.v*_xlpm.w) )} | J161: {=_xlfn.LET( _xlpm.w, J$11, _xlpm.r, MATCH(1,('3. Enter Indicator Scores'!$B$10:$B$161=$B161)*('3. Enter Indicator Scores'!$C$10:$C$161=$C161),0), _xlpm.c, MATCH(J$8,'3. Enter Indicator Scores'!$D$8:$CZ$8,0), _xlpm.v, IFERROR(INDEX('3. Enter Indicator Scores'!$D$10:$CZ$161,_xlpm.r,_xlpm.c),""), IF(OR(_xlpm.w="",_xlpm.v=""),"",_xlpm.v*_xlpm.w) )} | K161: {=_xlfn.LET( _xlpm.w, K$11, _xlpm.r, MATCH(1,('3. Enter Indicator Scores'!$B$10:$B$161=$B161)*('3. Enter Indicator Scores'!$C$10:$C$161=$C161),0), _xlpm.c, MATCH(K$8,'3. Enter Indicator Scores'!$D$8:$CZ$8,0), _xlpm.v, IFERROR(INDEX('3. Enter Indicator Scores'!$D$10:$CZ$161,_xlpm.r,_xlpm.c),""), IF(OR(_xlpm.w="",_xlpm.v=""),"",_xlpm.v*_xlpm.w) )} | ... CZ161: {=_xlfn.LET( _xlpm.w, CZ$11, _xlpm.r, MATCH(1,('3. Enter Indicator Scores'!$B$10:$B$161=$B161)*('3. Enter Indicator Scores'!$C$10:$C$161=$C161),0), _xlpm.c, MATCH(CZ$8,'3. Enter Indicator Scores'!$D$8:$CZ$8,0), _xlpm.v, IFERROR(INDEX('3. Enter Indicator Scores'!$D$10:$CZ$161,_xlpm.r,_xlpm.c),""), IF(OR(_xlpm.w="",_xlpm.v=""),"",_xlpm.v*_xlpm.w) )}

Sheet 6. Composite Risk Scores
B2: Step 6. Review Composite Pillar Matrix
B3: What is the overall risk level for each subnational area?
B4: Instructions: - This tab is automatically calculated based on your inputs in previous steps. - Review the final scores for each subnational unit, including Pillar scores (Exposure, Vulnerability, Coping Capacity) and composite risk score combining all three pillars. - The Exposure / Vulnerability / Coping Capacity columns here are each pillar's weighted contribution to the Composite Risk Score (Pillar Weight × Pillar Score). - Use these results to identify high-risk areas and inform preparedness and response planning.
B5: =IF(IndicatorsDefined,"","First define pillar and indicator weights in Step 4. Once pillar and indicator weights sum to 1.0 or 100%, tables will appear here where you can review composite pillar matrix.") -> First define pillar and indicator weights in Step 4. Once pillar and indicator weights sum to 1.0 or 100%, tables will appear here where you can review composite pillar matrix.
B7: Country / Territory | C7: Subnational Level | D7: Exposure | E7: Vulnerability | F7: Coping Capacity | G7: Composite Risk Score
B8: {=IF( CountrySelected, _xlfn._xlws.FILTER( tbl_geo[Country / Territory], tbl_geo[Country / Territory]='1. Describe Your Emergency'!$D$6 ), "" )} | C8: {=IF( CountrySelected, _xlfn._xlws.FILTER( tbl_geo[Subnational Level], tbl_geo[Country / Territory]='1. Describe Your Emergency'!$D$6 ), "" )} | D8: {=_xlfn.LET( _xlpm.c, $B8, _xlpm.s, $C8, _xlpm.p, D$7, IF( OR(_xlpm.c="", _xlpm.s=""), "", _xlfn.LET( _xlpm.hdr, '5. Weighted Indicator Scores'!$D$7:$CZ$7, _xlpm.raw, '5. Weighted Indicator Scores'!$D$14:$CZ$161, _xlpm.vals, IF(ISNUMBER(_xlpm.raw), _xlpm.raw, 0), _xlpm.match_row, ('5. Weighted Indicator Scores'!$B$14:$B$161=_xlpm.c) * ('5. Weighted Indicator Scores'!$C$14:$C$161=_xlpm.s), _xlpm.match_col, N(_xlpm.hdr=_xlpm.p), _xlpm.v, SUM(_xlpm.vals * _xlpm.match_row * _xlpm.match_col), IF(_xlpm.v=0, "-", _xlpm.v) ) ) )} | E8: {=_xlfn.LET( _xlpm.c, $B8, _xlpm.s, $C8, _xlpm.p, E$7, IF( OR(_xlpm.c="", _xlpm.s=""), "", _xlfn.LET( _xlpm.hdr, '5. Weighted Indicator Scores'!$D$7:$CZ$7, _xlpm.raw, '5. Weighted Indicator Scores'!$D$14:$CZ$161, _xlpm.vals, IF(ISNUMBER(_xlpm.raw), _xlpm.raw, 0), _xlpm.match_row, ('5. Weighted Indicator Scores'!$B$14:$B$161=_xlpm.c) * ('5. Weighted Indicator Scores'!$C$14:$C$161=_xlpm.s), _xlpm.match_col, N(_xlpm.hdr=_xlpm.p), _xlpm.v, SUM(_xlpm.vals * _xlpm.match_row * _xlpm.match_col), IF(_xlpm.v=0, "-", _xlpm.v) ) ) )} | F8: {=_xlfn.LET( _xlpm.c, $B8, _xlpm.s, $C8, _xlpm.p, F$7, IF( OR(_xlpm.c="", _xlpm.s=""), "", _xlfn.LET( _xlpm.hdr, '5. Weighted Indicator Scores'!$D$7:$CZ$7, _xlpm.raw, '5. Weighted Indicator Scores'!$D$14:$CZ$161, _xlpm.vals, IF(ISNUMBER(_xlpm.raw), _xlpm.raw, 0), _xlpm.match_row, ('5. Weighted Indicator Scores'!$B$14:$B$161=_xlpm.c) * ('5. Weighted Indicator Scores'!$C$14:$C$161=_xlpm.s), _xlpm.match_col, N(_xlpm.hdr=_xlpm.p), _xlpm.v, SUM(_xlpm.vals * _xlpm.match_row * _xlpm.match_col), IF(_xlpm.v=0, "-", _xlpm.v) ) ) )} | G8: =IF( COUNTIF(D8:F8,"-")>0, "-", IF( COUNT(D8:F8)=0, "", SUM(D8:F8) ) )
D9: {=_xlfn.LET( _xlpm.c, $B9, _xlpm.s, $C9, _xlpm.p, D$7, IF( OR(_xlpm.c="", _xlpm.s=""), "", _xlfn.LET( _xlpm.hdr, '5. Weighted Indicator Scores'!$D$7:$CZ$7, _xlpm.raw, '5. Weighted Indicator Scores'!$D$14:$CZ$161, _xlpm.vals, IF(ISNUMBER(_xlpm.raw), _xlpm.raw, 0), _xlpm.match_row, ('5. Weighted Indicator Scores'!$B$14:$B$161=_xlpm.c) * ('5. Weighted Indicator Scores'!$C$14:$C$161=_xlpm.s), _xlpm.match_col, N(_xlpm.hdr=_xlpm.p), _xlpm.v, SUM(_xlpm.vals * _xlpm.match_row * _xlpm.match_col), IF(_xlpm.v=0, "-", _xlpm.v) ) ) )} | E9: {=_xlfn.LET( _xlpm.c, $B9, _xlpm.s, $C9, _xlpm.p, E$7, IF( OR(_xlpm.c="", _xlpm.s=""), "", _xlfn.LET( _xlpm.hdr, '5. Weighted Indicator Scores'!$D$7:$CZ$7, _xlpm.raw, '5. Weighted Indicator Scores'!$D$14:$CZ$161, _xlpm.vals, IF(ISNUMBER(_xlpm.raw), _xlpm.raw, 0), _xlpm.match_row, ('5. Weighted Indicator Scores'!$B$14:$B$161=_xlpm.c) * ('5. Weighted Indicator Scores'!$C$14:$C$161=_xlpm.s), _xlpm.match_col, N(_xlpm.hdr=_xlpm.p), _xlpm.v, SUM(_xlpm.vals * _xlpm.match_row * _xlpm.match_col), IF(_xlpm.v=0, "-", _xlpm.v) ) ) )} | F9: {=_xlfn.LET( _xlpm.c, $B9, _xlpm.s, $C9, _xlpm.p, F$7, IF( OR(_xlpm.c="", _xlpm.s=""), "", _xlfn.LET( _xlpm.hdr, '5. Weighted Indicator Scores'!$D$7:$CZ$7, _xlpm.raw, '5. Weighted Indicator Scores'!$D$14:$CZ$161, _xlpm.vals, IF(ISNUMBER(_xlpm.raw), _xlpm.raw, 0), _xlpm.match_row, ('5. Weighted Indicator Scores'!$B$14:$B$161=_xlpm.c) * ('5. Weighted Indicator Scores'!$C$14:$C$161=_xlpm.s), _xlpm.match_col, N(_xlpm.hdr=_xlpm.p), _xlpm.v, SUM(_xlpm.vals * _xlpm.match_row * _xlpm.match_col), IF(_xlpm.v=0, "-", _xlpm.v) ) ) )} | G9: =IF( COUNTIF(D9:F9,"-")>0, "-", IF( COUNT(D9:F9)=0, "", SUM(D9:F9) ) )
D10: {=_xlfn.LET( _xlpm.c, $B10, _xlpm.s, $C10, _xlpm.p, D$7, IF( OR(_xlpm.c="", _xlpm.s=""), "", _xlfn.LET( _xlpm.hdr, '5. Weighted Indicator Scores'!$D$7:$CZ$7, _xlpm.raw, '5. Weighted Indicator Scores'!$D$14:$CZ$161, _xlpm.vals, IF(ISNUMBER(_xlpm.raw), _xlpm.raw, 0), _xlpm.match_row, ('5. Weighted Indicator Scores'!$B$14:$B$161=_xlpm.c) * ('5. Weighted Indicator Scores'!$C$14:$C$161=_xlpm.s), _xlpm.match_col, N(_xlpm.hdr=_xlpm.p), _xlpm.v, SUM(_xlpm.vals * _xlpm.match_row * _xlpm.match_col), IF(_xlpm.v=0, "-", _xlpm.v) ) ) )} | E10: {=_xlfn.LET( _xlpm.c, $B10, _xlpm.s, $C10, _xlpm.p, E$7, IF( OR(_xlpm.c="", _xlpm.s=""), "", _xlfn.LET( _xlpm.hdr, '5. Weighted Indicator Scores'!$D$7:$CZ$7, _xlpm.raw, '5. Weighted Indicator Scores'!$D$14:$CZ$161, _xlpm.vals, IF(ISNUMBER(_xlpm.raw), _xlpm.raw, 0), _xlpm.match_row, ('5. Weighted Indicator Scores'!$B$14:$B$161=_xlpm.c) * ('5. Weighted Indicator Scores'!$C$14:$C$161=_xlpm.s), _xlpm.match_col, N(_xlpm.hdr=_xlpm.p), _xlpm.v, SUM(_xlpm.vals * _xlpm.match_row * _xlpm.match_col), IF(_xlpm.v=0, "-", _xlpm.v) ) ) )} | F10: {=_xlfn.LET( _xlpm.c, $B10, _xlpm.s, $C10, _xlpm.p, F$7, IF( OR(_xlpm.c="", _xlpm.s=""), "", _xlfn.LET( _xlpm.hdr, '5. Weighted Indicator Scores'!$D$7:$CZ$7, _xlpm.raw, '5. Weighted Indicator Scores'!$D$14:$CZ$161, _xlpm.vals, IF(ISNUMBER(_xlpm.raw), _xlpm.raw, 0), _xlpm.match_row, ('5. Weighted Indicator Scores'!$B$14:$B$161=_xlpm.c) * ('5. Weighted Indicator Scores'!$C$14:$C$161=_xlpm.s), _xlpm.match_col, N(_xlpm.hdr=_xlpm.p), _xlpm.v, SUM(_xlpm.vals * _xlpm.match_row * _xlpm.match_col), IF(_xlpm.v=0, "-", _xlpm.v) ) ) )} | G10: =IF( COUNTIF(D10:F10,"-")>0, "-", IF( COUNT(D10:F10)=0, "", SUM(D10:F10) ) )
D11: {=_xlfn.LET( _xlpm.c, $B11, _xlpm.s, $C11, _xlpm.p, D$7, IF( OR(_xlpm.c="", _xlpm.s=""), "", _xlfn.LET( _xlpm.hdr, '5. Weighted Indicator Scores'!$D$7:$CZ$7, _xlpm.raw, '5. Weighted Indicator Scores'!$D$14:$CZ$161, _xlpm.vals, IF(ISNUMBER(_xlpm.raw), _xlpm.raw, 0), _xlpm.match_row, ('5. Weighted Indicator Scores'!$B$14:$B$161=_xlpm.c) * ('5. Weighted Indicator Scores'!$C$14:$C$161=_xlpm.s), _xlpm.match_col, N(_xlpm.hdr=_xlpm.p), _xlpm.v, SUM(_xlpm.vals * _xlpm.match_row * _xlpm.match_col), IF(_xlpm.v=0, "-", _xlpm.v) ) ) )} | E11: {=_xlfn.LET( _xlpm.c, $B11, _xlpm.s, $C11, _xlpm.p, E$7, IF( OR(_xlpm.c="", _xlpm.s=""), "", _xlfn.LET( _xlpm.hdr, '5. Weighted Indicator Scores'!$D$7:$CZ$7, _xlpm.raw, '5. Weighted Indicator Scores'!$D$14:$CZ$161, _xlpm.vals, IF(ISNUMBER(_xlpm.raw), _xlpm.raw, 0), _xlpm.match_row, ('5. Weighted Indicator Scores'!$B$14:$B$161=_xlpm.c) * ('5. Weighted Indicator Scores'!$C$14:$C$161=_xlpm.s), _xlpm.match_col, N(_xlpm.hdr=_xlpm.p), _xlpm.v, SUM(_xlpm.vals * _xlpm.match_row * _xlpm.match_col), IF(_xlpm.v=0, "-", _xlpm.v) ) ) )} | F11: {=_xlfn.LET( _xlpm.c, $B11, _xlpm.s, $C11, _xlpm.p, F$7, IF( OR(_xlpm.c="", _xlpm.s=""), "", _xlfn.LET( _xlpm.hdr, '5. Weighted Indicator Scores'!$D$7:$CZ$7, _xlpm.raw, '5. Weighted Indicator Scores'!$D$14:$CZ$161, _xlpm.vals, IF(ISNUMBER(_xlpm.raw), _xlpm.raw, 0), _xlpm.match_row, ('5. Weighted Indicator Scores'!$B$14:$B$161=_xlpm.c) * ('5. Weighted Indicator Scores'!$C$14:$C$161=_xlpm.s), _xlpm.match_col, N(_xlpm.hdr=_xlpm.p), _xlpm.v, SUM(_xlpm.vals * _xlpm.match_row * _xlpm.match_col), IF(_xlpm.v=0, "-", _xlpm.v) ) ) )} | G11: =IF( COUNTIF(D11:F11,"-")>0, "-", IF( COUNT(D11:F11)=0, "", SUM(D11:F11) ) )
D12: {=_xlfn.LET( _xlpm.c, $B12, _xlpm.s, $C12, _xlpm.p, D$7, IF( OR(_xlpm.c="", _xlpm.s=""), "", _xlfn.LET( _xlpm.hdr, '5. Weighted Indicator Scores'!$D$7:$CZ$7, _xlpm.raw, '5. Weighted Indicator Scores'!$D$14:$CZ$161, _xlpm.vals, IF(ISNUMBER(_xlpm.raw), _xlpm.raw, 0), _xlpm.match_row, ('5. Weighted Indicator Scores'!$B$14:$B$161=_xlpm.c) * ('5. Weighted Indicator Scores'!$C$14:$C$161=_xlpm.s), _xlpm.match_col, N(_xlpm.hdr=_xlpm.p), _xlpm.v, SUM(_xlpm.vals * _xlpm.match_row * _xlpm.match_col), IF(_xlpm.v=0, "-", _xlpm.v) ) ) )} | E12: {=_xlfn.LET( _xlpm.c, $B12, _xlpm.s, $C12, _xlpm.p, E$7, IF( OR(_xlpm.c="", _xlpm.s=""), "", _xlfn.LET( _xlpm.hdr, '5. Weighted Indicator Scores'!$D$7:$CZ$7, _xlpm.raw, '5. Weighted Indicator Scores'!$D$14:$CZ$161, _xlpm.vals, IF(ISNUMBER(_xlpm.raw), _xlpm.raw, 0), _xlpm.match_row, ('5. Weighted Indicator Scores'!$B$14:$B$161=_xlpm.c) * ('5. Weighted Indicator Scores'!$C$14:$C$161=_xlpm.s), _xlpm.match_col, N(_xlpm.hdr=_xlpm.p), _xlpm.v, SUM(_xlpm.vals * _xlpm.match_row * _xlpm.match_col), IF(_xlpm.v=0, "-", _xlpm.v) ) ) )} | F12: {=_xlfn.LET( _xlpm.c, $B12, _xlpm.s, $C12, _xlpm.p, F$7, IF( OR(_xlpm.c="", _xlpm.s=""), "", _xlfn.LET( _xlpm.hdr, '5. Weighted Indicator Scores'!$D$7:$CZ$7, _xlpm.raw, '5. Weighted Indicator Scores'!$D$14:$CZ$161, _xlpm.vals, IF(ISNUMBER(_xlpm.raw), _xlpm.raw, 0), _xlpm.match_row, ('5. Weighted Indicator Scores'!$B$14:$B$161=_xlpm.c) * ('5. Weighted Indicator Scores'!$C$14:$C$161=_xlpm.s), _xlpm.match_col, N(_xlpm.hdr=_xlpm.p), _xlpm.v, SUM(_xlpm.vals * _xlpm.match_row * _xlpm.match_col), IF(_xlpm.v=0, "-", _xlpm.v) ) ) )} | G12: =IF( COUNTIF(D12:F12,"-")>0, "-", IF( COUNT(D12:F12)=0, "", SUM(D12:F12) ) )
D13: {=_xlfn.LET( _xlpm.c, $B13, _xlpm.s, $C13, _xlpm.p, D$7, IF( OR(_xlpm.c="", _xlpm.s=""), "", _xlfn.LET( _xlpm.hdr, '5. Weighted Indicator Scores'!$D$7:$CZ$7, _xlpm.raw, '5. Weighted Indicator Scores'!$D$14:$CZ$161, _xlpm.vals, IF(ISNUMBER(_xlpm.raw), _xlpm.raw, 0), _xlpm.match_row, ('5. Weighted Indicator Scores'!$B$14:$B$161=_xlpm.c) * ('5. Weighted Indicator Scores'!$C$14:$C$161=_xlpm.s), _xlpm.match_col, N(_xlpm.hdr=_xlpm.p), _xlpm.v, SUM(_xlpm.vals * _xlpm.match_row * _xlpm.match_col), IF(_xlpm.v=0, "-", _xlpm.v) ) ) )} | E13: {=_xlfn.LET( _xlpm.c, $B13, _xlpm.s, $C13, _xlpm.p, E$7, IF( OR(_xlpm.c="", _xlpm.s=""), "", _xlfn.LET( _xlpm.hdr, '5. Weighted Indicator Scores'!$D$7:$CZ$7, _xlpm.raw, '5. Weighted Indicator Scores'!$D$14:$CZ$161, _xlpm.vals, IF(ISNUMBER(_xlpm.raw), _xlpm.raw, 0), _xlpm.match_row, ('5. Weighted Indicator Scores'!$B$14:$B$161=_xlpm.c) * ('5. Weighted Indicator Scores'!$C$14:$C$161=_xlpm.s), _xlpm.match_col, N(_xlpm.hdr=_xlpm.p), _xlpm.v, SUM(_xlpm.vals * _xlpm.match_row * _xlpm.match_col), IF(_xlpm.v=0, "-", _xlpm.v) ) ) )} | F13: {=_xlfn.LET( _xlpm.c, $B13, _xlpm.s, $C13, _xlpm.p, F$7, IF( OR(_xlpm.c="", _xlpm.s=""), "", _xlfn.LET( _xlpm.hdr, '5. Weighted Indicator Scores'!$D$7:$CZ$7, _xlpm.raw, '5. Weighted Indicator Scores'!$D$14:$CZ$161, _xlpm.vals, IF(ISNUMBER(_xlpm.raw), _xlpm.raw, 0), _xlpm.match_row, ('5. Weighted Indicator Scores'!$B$14:$B$161=_xlpm.c) * ('5. Weighted Indicator Scores'!$C$14:$C$161=_xlpm.s), _xlpm.match_col, N(_xlpm.hdr=_xlpm.p), _xlpm.v, SUM(_xlpm.vals * _xlpm.match_row * _xlpm.match_col), IF(_xlpm.v=0, "-", _xlpm.v) ) ) )} | G13: =IF( COUNTIF(D13:F13,"-")>0, "-", IF( COUNT(D13:F13)=0, "", SUM(D13:F13) ) )
D14: {=_xlfn.LET( _xlpm.c, $B14, _xlpm.s, $C14, _xlpm.p, D$7, IF( OR(_xlpm.c="", _xlpm.s=""), "", _xlfn.LET( _xlpm.hdr, '5. Weighted Indicator Scores'!$D$7:$CZ$7, _xlpm.raw, '5. Weighted Indicator Scores'!$D$14:$CZ$161, _xlpm.vals, IF(ISNUMBER(_xlpm.raw), _xlpm.raw, 0), _xlpm.match_row, ('5. Weighted Indicator Scores'!$B$14:$B$161=_xlpm.c) * ('5. Weighted Indicator Scores'!$C$14:$C$161=_xlpm.s), _xlpm.match_col, N(_xlpm.hdr=_xlpm.p), _xlpm.v, SUM(_xlpm.vals * _xlpm.match_row * _xlpm.match_col), IF(_xlpm.v=0, "-", _xlpm.v) ) ) )} | E14: {=_xlfn.LET( _xlpm.c, $B14, _xlpm.s, $C14, _xlpm.p, E$7, IF( OR(_xlpm.c="", _xlpm.s=""), "", _xlfn.LET( _xlpm.hdr, '5. Weighted Indicator Scores'!$D$7:$CZ$7, _xlpm.raw, '5. Weighted Indicator Scores'!$D$14:$CZ$161, _xlpm.vals, IF(ISNUMBER(_xlpm.raw), _xlpm.raw, 0), _xlpm.match_row, ('5. Weighted Indicator Scores'!$B$14:$B$161=_xlpm.c) * ('5. Weighted Indicator Scores'!$C$14:$C$161=_xlpm.s), _xlpm.match_col, N(_xlpm.hdr=_xlpm.p), _xlpm.v, SUM(_xlpm.vals * _xlpm.match_row * _xlpm.match_col), IF(_xlpm.v=0, "-", _xlpm.v) ) ) )} | F14: {=_xlfn.LET( _xlpm.c, $B14, _xlpm.s, $C14, _xlpm.p, F$7, IF( OR(_xlpm.c="", _xlpm.s=""), "", _xlfn.LET( _xlpm.hdr, '5. Weighted Indicator Scores'!$D$7:$CZ$7, _xlpm.raw, '5. Weighted Indicator Scores'!$D$14:$CZ$161, _xlpm.vals, IF(ISNUMBER(_xlpm.raw), _xlpm.raw, 0), _xlpm.match_row, ('5. Weighted Indicator Scores'!$B$14:$B$161=_xlpm.c) * ('5. Weighted Indicator Scores'!$C$14:$C$161=_xlpm.s), _xlpm.match_col, N(_xlpm.hdr=_xlpm.p), _xlpm.v, SUM(_xlpm.vals * _xlpm.match_row * _xlpm.match_col), IF(_xlpm.v=0, "-", _xlpm.v) ) ) )} | G14: =IF( COUNTIF(D14:F14,"-")>0, "-", IF( COUNT(D14:F14)=0, "", SUM(D14:F14) ) )
D15: {=_xlfn.LET( _xlpm.c, $B15, _xlpm.s, $C15, _xlpm.p, D$7, IF( OR(_xlpm.c="", _xlpm.s=""), "", _xlfn.LET( _xlpm.hdr, '5. Weighted Indicator Scores'!$D$7:$CZ$7, _xlpm.raw, '5. Weighted Indicator Scores'!$D$14:$CZ$161, _xlpm.vals, IF(ISNUMBER(_xlpm.raw), _xlpm.raw, 0), _xlpm.match_row, ('5. Weighted Indicator Scores'!$B$14:$B$161=_xlpm.c) * ('5. Weighted Indicator Scores'!$C$14:$C$161=_xlpm.s), _xlpm.match_col, N(_xlpm.hdr=_xlpm.p), _xlpm.v, SUM(_xlpm.vals * _xlpm.match_row * _xlpm.match_col), IF(_xlpm.v=0, "-", _xlpm.v) ) ) )} | E15: {=_xlfn.LET( _xlpm.c, $B15, _xlpm.s, $C15, _xlpm.p, E$7, IF( OR(_xlpm.c="", _xlpm.s=""), "", _xlfn.LET( _xlpm.hdr, '5. Weighted Indicator Scores'!$D$7:$CZ$7, _xlpm.raw, '5. Weighted Indicator Scores'!$D$14:$CZ$161, _xlpm.vals, IF(ISNUMBER(_xlpm.raw), _xlpm.raw, 0), _xlpm.match_row, ('5. Weighted Indicator Scores'!$B$14:$B$161=_xlpm.c) * ('5. Weighted Indicator Scores'!$C$14:$C$161=_xlpm.s), _xlpm.match_col, N(_xlpm.hdr=_xlpm.p), _xlpm.v, SUM(_xlpm.vals * _xlpm.match_row * _xlpm.match_col), IF(_xlpm.v=0, "-", _xlpm.v) ) ) )} | F15: {=_xlfn.LET( _xlpm.c, $B15, _xlpm.s, $C15, _xlpm.p, F$7, IF( OR(_xlpm.c="", _xlpm.s=""), "", _xlfn.LET( _xlpm.hdr, '5. Weighted Indicator Scores'!$D$7:$CZ$7, _xlpm.raw, '5. Weighted Indicator Scores'!$D$14:$CZ$161, _xlpm.vals, IF(ISNUMBER(_xlpm.raw), _xlpm.raw, 0), _xlpm.match_row, ('5. Weighted Indicator Scores'!$B$14:$B$161=_xlpm.c) * ('5. Weighted Indicator Scores'!$C$14:$C$161=_xlpm.s), _xlpm.match_col, N(_xlpm.hdr=_xlpm.p), _xlpm.v, SUM(_xlpm.vals * _xlpm.match_row * _xlpm.match_col), IF(_xlpm.v=0, "-", _xlpm.v) ) ) )} | G15: =IF( COUNTIF(D15:F15,"-")>0, "-", IF( COUNT(D15:F15)=0, "", SUM(D15:F15) ) )
D16: {=_xlfn.LET( _xlpm.c, $B16, _xlpm.s, $C16, _xlpm.p, D$7, IF( OR(_xlpm.c="", _xlpm.s=""), "", _xlfn.LET( _xlpm.hdr, '5. Weighted Indicator Scores'!$D$7:$CZ$7, _xlpm.raw, '5. Weighted Indicator Scores'!$D$14:$CZ$161, _xlpm.vals, IF(ISNUMBER(_xlpm.raw), _xlpm.raw, 0), _xlpm.match_row, ('5. Weighted Indicator Scores'!$B$14:$B$161=_xlpm.c) * ('5. Weighted Indicator Scores'!$C$14:$C$161=_xlpm.s), _xlpm.match_col, N(_xlpm.hdr=_xlpm.p), _xlpm.v, SUM(_xlpm.vals * _xlpm.match_row * _xlpm.match_col), IF(_xlpm.v=0, "-", _xlpm.v) ) ) )} | E16: {=_xlfn.LET( _xlpm.c, $B16, _xlpm.s, $C16, _xlpm.p, E$7, IF( OR(_xlpm.c="", _xlpm.s=""), "", _xlfn.LET( _xlpm.hdr, '5. Weighted Indicator Scores'!$D$7:$CZ$7, _xlpm.raw, '5. Weighted Indicator Scores'!$D$14:$CZ$161, _xlpm.vals, IF(ISNUMBER(_xlpm.raw), _xlpm.raw, 0), _xlpm.match_row, ('5. Weighted Indicator Scores'!$B$14:$B$161=_xlpm.c) * ('5. Weighted Indicator Scores'!$C$14:$C$161=_xlpm.s), _xlpm.match_col, N(_xlpm.hdr=_xlpm.p), _xlpm.v, SUM(_xlpm.vals * _xlpm.match_row * _xlpm.match_col), IF(_xlpm.v=0, "-", _xlpm.v) ) ) )} | F16: {=_xlfn.LET( _xlpm.c, $B16, _xlpm.s, $C16, _xlpm.p, F$7, IF( OR(_xlpm.c="", _xlpm.s=""), "", _xlfn.LET( _xlpm.hdr, '5. Weighted Indicator Scores'!$D$7:$CZ$7, _xlpm.raw, '5. Weighted Indicator Scores'!$D$14:$CZ$161, _xlpm.vals, IF(ISNUMBER(_xlpm.raw), _xlpm.raw, 0), _xlpm.match_row, ('5. Weighted Indicator Scores'!$B$14:$B$161=_xlpm.c) * ('5. Weighted Indicator Scores'!$C$14:$C$161=_xlpm.s), _xlpm.match_col, N(_xlpm.hdr=_xlpm.p), _xlpm.v, SUM(_xlpm.vals * _xlpm.match_row * _xlpm.match_col), IF(_xlpm.v=0, "-", _xlpm.v) ) ) )} | G16: =IF( COUNTIF(D16:F16,"-")>0, "-", IF( COUNT(D16:F16)=0, "", SUM(D16:F16) ) )
D17: {=_xlfn.LET( _xlpm.c, $B17, _xlpm.s, $C17, _xlpm.p, D$7, IF( OR(_xlpm.c="", _xlpm.s=""), "", _xlfn.LET( _xlpm.hdr, '5. Weighted Indicator Scores'!$D$7:$CZ$7, _xlpm.raw, '5. Weighted Indicator Scores'!$D$14:$CZ$161, _xlpm.vals, IF(ISNUMBER(_xlpm.raw), _xlpm.raw, 0), _xlpm.match_row, ('5. Weighted Indicator Scores'!$B$14:$B$161=_xlpm.c) * ('5. Weighted Indicator Scores'!$C$14:$C$161=_xlpm.s), _xlpm.match_col, N(_xlpm.hdr=_xlpm.p), _xlpm.v, SUM(_xlpm.vals * _xlpm.match_row * _xlpm.match_col), IF(_xlpm.v=0, "-", _xlpm.v) ) ) )} | E17: {=_xlfn.LET( _xlpm.c, $B17, _xlpm.s, $C17, _xlpm.p, E$7, IF( OR(_xlpm.c="", _xlpm.s=""), "", _xlfn.LET( _xlpm.hdr, '5. Weighted Indicator Scores'!$D$7:$CZ$7, _xlpm.raw, '5. Weighted Indicator Scores'!$D$14:$CZ$161, _xlpm.vals, IF(ISNUMBER(_xlpm.raw), _xlpm.raw, 0), _xlpm.match_row, ('5. Weighted Indicator Scores'!$B$14:$B$161=_xlpm.c) * ('5. Weighted Indicator Scores'!$C$14:$C$161=_xlpm.s), _xlpm.match_col, N(_xlpm.hdr=_xlpm.p), _xlpm.v, SUM(_xlpm.vals * _xlpm.match_row * _xlpm.match_col), IF(_xlpm.v=0, "-", _xlpm.v) ) ) )} | F17: {=_xlfn.LET( _xlpm.c, $B17, _xlpm.s, $C17, _xlpm.p, F$7, IF( OR(_xlpm.c="", _xlpm.s=""), "", _xlfn.LET( _xlpm.hdr, '5. Weighted Indicator Scores'!$D$7:$CZ$7, _xlpm.raw, '5. Weighted Indicator Scores'!$D$14:$CZ$161, _xlpm.vals, IF(ISNUMBER(_xlpm.raw), _xlpm.raw, 0), _xlpm.match_row, ('5. Weighted Indicator Scores'!$B$14:$B$161=_xlpm.c) * ('5. Weighted Indicator Scores'!$C$14:$C$161=_xlpm.s), _xlpm.match_col, N(_xlpm.hdr=_xlpm.p), _xlpm.v, SUM(_xlpm.vals * _xlpm.match_row * _xlpm.match_col), IF(_xlpm.v=0, "-", _xlpm.v) ) ) )} | G17: =IF( COUNTIF(D17:F17,"-")>0, "-", IF( COUNT(D17:F17)=0, "", SUM(D17:F17) ) )
D18: {=_xlfn.LET( _xlpm.c, $B18, _xlpm.s, $C18, _xlpm.p, D$7, IF( OR(_xlpm.c="", _xlpm.s=""), "", _xlfn.LET( _xlpm.hdr, '5. Weighted Indicator Scores'!$D$7:$CZ$7, _xlpm.raw, '5. Weighted Indicator Scores'!$D$14:$CZ$161, _xlpm.vals, IF(ISNUMBER(_xlpm.raw), _xlpm.raw, 0), _xlpm.match_row, ('5. Weighted Indicator Scores'!$B$14:$B$161=_xlpm.c) * ('5. Weighted Indicator Scores'!$C$14:$C$161=_xlpm.s), _xlpm.match_col, N(_xlpm.hdr=_xlpm.p), _xlpm.v, SUM(_xlpm.vals * _xlpm.match_row * _xlpm.match_col), IF(_xlpm.v=0, "-", _xlpm.v) ) ) )} | E18: {=_xlfn.LET( _xlpm.c, $B18, _xlpm.s, $C18, _xlpm.p, E$7, IF( OR(_xlpm.c="", _xlpm.s=""), "", _xlfn.LET( _xlpm.hdr, '5. Weighted Indicator Scores'!$D$7:$CZ$7, _xlpm.raw, '5. Weighted Indicator Scores'!$D$14:$CZ$161, _xlpm.vals, IF(ISNUMBER(_xlpm.raw), _xlpm.raw, 0), _xlpm.match_row, ('5. Weighted Indicator Scores'!$B$14:$B$161=_xlpm.c) * ('5. Weighted Indicator Scores'!$C$14:$C$161=_xlpm.s), _xlpm.match_col, N(_xlpm.hdr=_xlpm.p), _xlpm.v, SUM(_xlpm.vals * _xlpm.match_row * _xlpm.match_col), IF(_xlpm.v=0, "-", _xlpm.v) ) ) )} | F18: {=_xlfn.LET( _xlpm.c, $B18, _xlpm.s, $C18, _xlpm.p, F$7, IF( OR(_xlpm.c="", _xlpm.s=""), "", _xlfn.LET( _xlpm.hdr, '5. Weighted Indicator Scores'!$D$7:$CZ$7, _xlpm.raw, '5. Weighted Indicator Scores'!$D$14:$CZ$161, _xlpm.vals, IF(ISNUMBER(_xlpm.raw), _xlpm.raw, 0), _xlpm.match_row, ('5. Weighted Indicator Scores'!$B$14:$B$161=_xlpm.c) * ('5. Weighted Indicator Scores'!$C$14:$C$161=_xlpm.s), _xlpm.match_col, N(_xlpm.hdr=_xlpm.p), _xlpm.v, SUM(_xlpm.vals * _xlpm.match_row * _xlpm.match_col), IF(_xlpm.v=0, "-", _xlpm.v) ) ) )} | G18: =IF( COUNTIF(D18:F18,"-")>0, "-", IF( COUNT(D18:F18)=0, "", SUM(D18:F18) ) )
D19: {=_xlfn.LET( _xlpm.c, $B19, _xlpm.s, $C19, _xlpm.p, D$7, IF( OR(_xlpm.c="", _xlpm.s=""), "", _xlfn.LET( _xlpm.hdr, '5. Weighted Indicator Scores'!$D$7:$CZ$7, _xlpm.raw, '5. Weighted Indicator Scores'!$D$14:$CZ$161, _xlpm.vals, IF(ISNUMBER(_xlpm.raw), _xlpm.raw, 0), _xlpm.match_row, ('5. Weighted Indicator Scores'!$B$14:$B$161=_xlpm.c) * ('5. Weighted Indicator Scores'!$C$14:$C$161=_xlpm.s), _xlpm.match_col, N(_xlpm.hdr=_xlpm.p), _xlpm.v, SUM(_xlpm.vals * _xlpm.match_row * _xlpm.match_col), IF(_xlpm.v=0, "-", _xlpm.v) ) ) )} | E19: {=_xlfn.LET( _xlpm.c, $B19, _xlpm.s, $C19, _xlpm.p, E$7, IF( OR(_xlpm.c="", _xlpm.s=""), "", _xlfn.LET( _xlpm.hdr, '5. Weighted Indicator Scores'!$D$7:$CZ$7, _xlpm.raw, '5. Weighted Indicator Scores'!$D$14:$CZ$161, _xlpm.vals, IF(ISNUMBER(_xlpm.raw), _xlpm.raw, 0), _xlpm.match_row, ('5. Weighted Indicator Scores'!$B$14:$B$161=_xlpm.c) * ('5. Weighted Indicator Scores'!$C$14:$C$161=_xlpm.s), _xlpm.match_col, N(_xlpm.hdr=_xlpm.p), _xlpm.v, SUM(_xlpm.vals * _xlpm.match_row * _xlpm.match_col), IF(_xlpm.v=0, "-", _xlpm.v) ) ) )} | F19: {=_xlfn.LET( _xlpm.c, $B19, _xlpm.s, $C19, _xlpm.p, F$7, IF( OR(_xlpm.c="", _xlpm.s=""), "", _xlfn.LET( _xlpm.hdr, '5. Weighted Indicator Scores'!$D$7:$CZ$7, _xlpm.raw, '5. Weighted Indicator Scores'!$D$14:$CZ$161, _xlpm.vals, IF(ISNUMBER(_xlpm.raw), _xlpm.raw, 0), _xlpm.match_row, ('5. Weighted Indicator Scores'!$B$14:$B$161=_xlpm.c) * ('5. Weighted Indicator Scores'!$C$14:$C$161=_xlpm.s), _xlpm.match_col, N(_xlpm.hdr=_xlpm.p), _xlpm.v, SUM(_xlpm.vals * _xlpm.match_row * _xlpm.match_col), IF(_xlpm.v=0, "-", _xlpm.v) ) ) )} | G19: =IF( COUNTIF(D19:F19,"-")>0, "-", IF( COUNT(D19:F19)=0, "", SUM(D19:F19) ) )
D20: {=_xlfn.LET( _xlpm.c, $B20, _xlpm.s, $C20, _xlpm.p, D$7, IF( OR(_xlpm.c="", _xlpm.s=""), "", _xlfn.LET( _xlpm.hdr, '5. Weighted Indicator Scores'!$D$7:$CZ$7, _xlpm.raw, '5. Weighted Indicator Scores'!$D$14:$CZ$161, _xlpm.vals, IF(ISNUMBER(_xlpm.raw), _xlpm.raw, 0), _xlpm.match_row, ('5. Weighted Indicator Scores'!$B$14:$B$161=_xlpm.c) * ('5. Weighted Indicator Scores'!$C$14:$C$161=_xlpm.s), _xlpm.match_col, N(_xlpm.hdr=_xlpm.p), _xlpm.v, SUM(_xlpm.vals * _xlpm.match_row * _xlpm.match_col), IF(_xlpm.v=0, "-", _xlpm.v) ) ) )} | E20: {=_xlfn.LET( _xlpm.c, $B20, _xlpm.s, $C20, _xlpm.p, E$7, IF( OR(_xlpm.c="", _xlpm.s=""), "", _xlfn.LET( _xlpm.hdr, '5. Weighted Indicator Scores'!$D$7:$CZ$7, _xlpm.raw, '5. Weighted Indicator Scores'!$D$14:$CZ$161, _xlpm.vals, IF(ISNUMBER(_xlpm.raw), _xlpm.raw, 0), _xlpm.match_row, ('5. Weighted Indicator Scores'!$B$14:$B$161=_xlpm.c) * ('5. Weighted Indicator Scores'!$C$14:$C$161=_xlpm.s), _xlpm.match_col, N(_xlpm.hdr=_xlpm.p), _xlpm.v, SUM(_xlpm.vals * _xlpm.match_row * _xlpm.match_col), IF(_xlpm.v=0, "-", _xlpm.v) ) ) )} | F20: {=_xlfn.LET( _xlpm.c, $B20, _xlpm.s, $C20, _xlpm.p, F$7, IF( OR(_xlpm.c="", _xlpm.s=""), "", _xlfn.LET( _xlpm.hdr, '5. Weighted Indicator Scores'!$D$7:$CZ$7, _xlpm.raw, '5. Weighted Indicator Scores'!$D$14:$CZ$161, _xlpm.vals, IF(ISNUMBER(_xlpm.raw), _xlpm.raw, 0), _xlpm.match_row, ('5. Weighted Indicator Scores'!$B$14:$B$161=_xlpm.c) * ('5. Weighted Indicator Scores'!$C$14:$C$161=_xlpm.s), _xlpm.match_col, N(_xlpm.hdr=_xlpm.p), _xlpm.v, SUM(_xlpm.vals * _xlpm.match_row * _xlpm.match_col), IF(_xlpm.v=0, "-", _xlpm.v) ) ) )} | G20: =IF( COUNTIF(D20:F20,"-")>0, "-", IF( COUNT(D20:F20)=0, "", SUM(D20:F20) ) )
... D160: {=_xlfn.LET( _xlpm.c, $B160, _xlpm.s, $C160, _xlpm.p, D$7, IF( OR(_xlpm.c="", _xlpm.s=""), "", _xlfn.LET( _xlpm.hdr, '5. Weighted Indicator Scores'!$D$7:$CZ$7, _xlpm.raw, '5. Weighted Indicator Scores'!$D$14:$CZ$161, _xlpm.vals, IF(ISNUMBER(_xlpm.raw), _xlpm.raw, 0), _xlpm.match_row, ('5. Weighted Indicator Scores'!$B$14:$B$161=_xlpm.c) * ('5. Weighted Indicator Scores'!$C$14:$C$161=_xlpm.s), _xlpm.match_col, N(_xlpm.hdr=_xlpm.p), _xlpm.v, SUM(_xlpm.vals * _xlpm.match_row * _xlpm.match_col), IF(_xlpm.v=0, "-", _xlpm.v) ) ) )} | E160: {=_xlfn.LET( _xlpm.c, $B160, _xlpm.s, $C160, _xlpm.p, E$7, IF( OR(_xlpm.c="", _xlpm.s=""), "", _xlfn.LET( _xlpm.hdr, '5. Weighted Indicator Scores'!$D$7:$CZ$7, _xlpm.raw, '5. Weighted Indicator Scores'!$D$14:$CZ$161, _xlpm.vals, IF(ISNUMBER(_xlpm.raw), _xlpm.raw, 0), _xlpm.match_row, ('5. Weighted Indicator Scores'!$B$14:$B$161=_xlpm.c) * ('5. Weighted Indicator Scores'!$C$14:$C$161=_xlpm.s), _xlpm.match_col, N(_xlpm.hdr=_xlpm.p), _xlpm.v, SUM(_xlpm.vals * _xlpm.match_row * _xlpm.match_col), IF(_xlpm.v=0, "-", _xlpm.v) ) ) )} | F160: {=_xlfn.LET( _xlpm.c, $B160, _xlpm.s, $C160, _xlpm.p, F$7, IF( OR(_xlpm.c="", _xlpm.s=""), "", _xlfn.LET( _xlpm.hdr, '5. Weighted Indicator Scores'!$D$7:$CZ$7, _xlpm.raw, '5. Weighted Indicator Scores'!$D$14:$CZ$161, _xlpm.vals, IF(ISNUMBER(_xlpm.raw), _xlpm.raw, 0), _xlpm.match_row, ('5. Weighted Indicator Scores'!$B$14:$B$161=_xlpm.c) * ('5. Weighted Indicator Scores'!$C$14:$C$161=_xlpm.s), _xlpm.match_col, N(_xlpm.hdr=_xlpm.p), _xlpm.v, SUM(_xlpm.vals * _xlpm.match_row * _xlpm.match_col), IF(_xlpm.v=0, "-", _xlpm.v) ) ) )} | G160: =IF( COUNTIF(D160:F160,"-")>0, "-", IF( COUNT(D160:F160)=0, "", SUM(D160:F160) ) )
D161: {=_xlfn.LET( _xlpm.c, $B161, _xlpm.s, $C161, _xlpm.p, D$7, IF( OR(_xlpm.c="", _xlpm.s=""), "", _xlfn.LET( _xlpm.hdr, '5. Weighted Indicator Scores'!$D$7:$CZ$7, _xlpm.raw, '5. Weighted Indicator Scores'!$D$14:$CZ$161, _xlpm.vals, IF(ISNUMBER(_xlpm.raw), _xlpm.raw, 0), _xlpm.match_row, ('5. Weighted Indicator Scores'!$B$14:$B$161=_xlpm.c) * ('5. Weighted Indicator Scores'!$C$14:$C$161=_xlpm.s), _xlpm.match_col, N(_xlpm.hdr=_xlpm.p), _xlpm.v, SUM(_xlpm.vals * _xlpm.match_row * _xlpm.match_col), IF(_xlpm.v=0, "-", _xlpm.v) ) ) )} | E161: {=_xlfn.LET( _xlpm.c, $B161, _xlpm.s, $C161, _xlpm.p, E$7, IF( OR(_xlpm.c="", _xlpm.s=""), "", _xlfn.LET( _xlpm.hdr, '5. Weighted Indicator Scores'!$D$7:$CZ$7, _xlpm.raw, '5. Weighted Indicator Scores'!$D$14:$CZ$161, _xlpm.vals, IF(ISNUMBER(_xlpm.raw), _xlpm.raw, 0), _xlpm.match_row, ('5. Weighted Indicator Scores'!$B$14:$B$161=_xlpm.c) * ('5. Weighted Indicator Scores'!$C$14:$C$161=_xlpm.s), _xlpm.match_col, N(_xlpm.hdr=_xlpm.p), _xlpm.v, SUM(_xlpm.vals * _xlpm.match_row * _xlpm.match_col), IF(_xlpm.v=0, "-", _xlpm.v) ) ) )} | F161: {=_xlfn.LET( _xlpm.c, $B161, _xlpm.s, $C161, _xlpm.p, F$7, IF( OR(_xlpm.c="", _xlpm.s=""), "", _xlfn.LET( _xlpm.hdr, '5. Weighted Indicator Scores'!$D$7:$CZ$7, _xlpm.raw, '5. Weighted Indicator Scores'!$D$14:$CZ$161, _xlpm.vals, IF(ISNUMBER(_xlpm.raw), _xlpm.raw, 0), _xlpm.match_row, ('5. Weighted Indicator Scores'!$B$14:$B$161=_xlpm.c) * ('5. Weighted Indicator Scores'!$C$14:$C$161=_xlpm.s), _xlpm.match_col, N(_xlpm.hdr=_xlpm.p), _xlpm.v, SUM(_xlpm.vals * _xlpm.match_row * _xlpm.match_col), IF(_xlpm.v=0, "-", _xlpm.v) ) ) )}

Sheet 7. Indicator Correlations
B2: Step 7. Check Indicator Redundancy
B3: Do any two indicators measure the same thing?
B4: Instructions: - This tab calculates automatically from the indicator scores entered in Step 3. No manual input is required. Interpretation: - Each cell reports the Pearson correlation coefficient between two indicators, calculated across all subnational units with valid scores for both. - Values near +1 or −1 indicate substantial overlap between two indicators; retaining both gives that information double weight in the composite score. - Cells are colored by strength: red (|r| ≥ 0.8) and orange (0.6–0.8) flag pairs worth reviewing — consider excluding one indicator, consolidating the pair, or adjusting weights in Step 4. Yellow (0.4–0.6) is a weaker signal; green indicates low redundancy. - A dash (–) marks an indicator compared with itself, or a pair already shown on the other side of the diagonal. - Blank cells indicate insufficient data: fewer than two subnational units with paired scores, or zero variance in one indicator.
B5: =IF(AND(IndicatorsDefined, COUNT('3. Enter Indicator Scores'!$D$10:$CZ$161)>0),"","First define indicators in Step 2 and enter scores in Step 3. Once at least one indicator is selected, a correlation matrix will appear here.") -> First define indicators in Step 2 and enter scores in Step 3. Once at least one indicator is selected, a correlation matrix will appear here. | D5: =IF(AND(IndicatorsDefined, COUNT('3. Enter Indicator Scores'!$D$10:$CZ$161)>0),"","First define indicators in Step 2 and enter scores in Step 3. Once at least one indicator is selected, a correlation matrix will appear here.") -> First define indicators in Step 2 and enter scores in Step 3. Once at least one indicator is selected, a correlation matrix will appear here.
E7: =IF(E$9="","",_xlfn.XLOOKUP(E$9,tbl_define_indicators[Indicator ID],tbl_define_indicators[Pillar])) | F7: =IF(F$9="","",_xlfn.XLOOKUP(F$9,tbl_define_indicators[Indicator ID],tbl_define_indicators[Pillar])) | G7: =IF(G$9="","",_xlfn.XLOOKUP(G$9,tbl_define_indicators[Indicator ID],tbl_define_indicators[Pillar])) | H7: =IF(H$9="","",_xlfn.XLOOKUP(H$9,tbl_define_indicators[Indicator ID],tbl_define_indicators[Pillar])) | I7: =IF(I$9="","",_xlfn.XLOOKUP(I$9,tbl_define_indicators[Indicator ID],tbl_define_indicators[Pillar])) | J7: =IF(J$9="","",_xlfn.XLOOKUP(J$9,tbl_define_indicators[Indicator ID],tbl_define_indicators[Pillar])) | K7: =IF(K$9="","",_xlfn.XLOOKUP(K$9,tbl_define_indicators[Indicator ID],tbl_define_indicators[Pillar])) | L7: =IF(L$9="","",_xlfn.XLOOKUP(L$9,tbl_define_indicators[Indicator ID],tbl_define_indicators[Pillar])) | ... AR7: =IF(AR$9="","",_xlfn.XLOOKUP(AR$9,tbl_define_indicators[Indicator ID],tbl_define_indicators[Pillar]))
C8: {=IF(NOT(AND(IndicatorsDefined, COUNT('3. Enter Indicator Scores'!$D$10:$CZ$161)>0)),"", "Indicator pairs with correlation of 0.8 or above in absolute value: " & ( SUMPRODUCT(--ISNUMBER($E$10:$AR$49),--($E$10:$AR$49>=0.8),--($D$10:$D$49<>$E$9:$AR$9)) + SUMPRODUCT(--ISNUMBER($E$10:$AR$49),--($E$10:$AR$49<=-0.8),--($D$10:$D$49<>$E$9:$AR$9)) ) )} | E8: =IF(E$9="","",_xlfn.XLOOKUP(E$9,tbl_define_indicators[Indicator ID],tbl_define_indicators[Indicator])) | F8: =IF(F$9="","",_xlfn.XLOOKUP(F$9,tbl_define_indicators[Indicator ID],tbl_define_indicators[Indicator])) | G8: =IF(G$9="","",_xlfn.XLOOKUP(G$9,tbl_define_indicators[Indicator ID],tbl_define_indicators[Indicator])) | H8: =IF(H$9="","",_xlfn.XLOOKUP(H$9,tbl_define_indicators[Indicator ID],tbl_define_indicators[Indicator])) | I8: =IF(I$9="","",_xlfn.XLOOKUP(I$9,tbl_define_indicators[Indicator ID],tbl_define_indicators[Indicator])) | J8: =IF(J$9="","",_xlfn.XLOOKUP(J$9,tbl_define_indicators[Indicator ID],tbl_define_indicators[Indicator])) | K8: =IF(K$9="","",_xlfn.XLOOKUP(K$9,tbl_define_indicators[Indicator ID],tbl_define_indicators[Indicator])) | L8: =IF(L$9="","",_xlfn.XLOOKUP(L$9,tbl_define_indicators[Indicator ID],tbl_define_indicators[Indicator])) | ... AR8: =IF(AR$9="","",_xlfn.XLOOKUP(AR$9,tbl_define_indicators[Indicator ID],tbl_define_indicators[Indicator]))
B9: =IF(AND(IndicatorsDefined, COUNT('3. Enter Indicator Scores'!$D$10:$CZ$161)>0),"Pillar","") | C9: =IF(AND(IndicatorsDefined, COUNT('3. Enter Indicator Scores'!$D$10:$CZ$161)>0),"Indicator","") | D9: =IF(AND(IndicatorsDefined, COUNT('3. Enter Indicator Scores'!$D$10:$CZ$161)>0),"Indicator ID","") | E9: {=IF(AND(IndicatorsDefined, COUNT('3. Enter Indicator Scores'!$D$10:$CZ$161)>0),TRANSPOSE(_xlfn._xlws.FILTER(tbl_define_indicators[Indicator ID],tbl_define_indicators[Include]=TRUE)),"")}
B10: =IF($D10="","",_xlfn.XLOOKUP($D10,tbl_define_indicators[Indicator ID],tbl_define_indicators[Pillar])) | C10: {=IF(AND(IndicatorsDefined, COUNT('3. Enter Indicator Scores'!$D$10:$CZ$161)>0),_xlfn._xlws.FILTER(tbl_define_indicators[Indicator],tbl_define_indicators[Include]=TRUE),"")} | D10: =IF($C10="","",_xlfn.XLOOKUP($C10,tbl_define_indicators[Indicator],tbl_define_indicators[Indicator ID])) | E10: =IF(OR($D10="",E$9=""),"", IF(MATCH($D10,$E$9:$AR$9,0)<MATCH(E$9,$E$9:$AR$9,0),"–", IF($D10=E$9,"–", IFERROR( CORREL( INDEX('3. Enter Indicator Scores'!$D$10:$CZ$161,0,MATCH($D10,'3. Enter Indicator Scores'!$D$9:$CZ$9,0)), INDEX('3. Enter Indicator Scores'!$D$10:$CZ$161,0,MATCH(E$9,'3. Enter Indicator Scores'!$D$9:$CZ$9,0)) ), "") ) ) ) | F10: =IF(OR($D10="",F$9=""),"", IF(MATCH($D10,$E$9:$AR$9,0)<MATCH(F$9,$E$9:$AR$9,0),"–", IF($D10=F$9,"–", IFERROR( CORREL( INDEX('3. Enter Indicator Scores'!$D$10:$CZ$161,0,MATCH($D10,'3. Enter Indicator Scores'!$D$9:$CZ$9,0)), INDEX('3. Enter Indicator Scores'!$D$10:$CZ$161,0,MATCH(F$9,'3. Enter Indicator Scores'!$D$9:$CZ$9,0)) ), "") ) ) ) | G10: =IF(OR($D10="",G$9=""),"", IF(MATCH($D10,$E$9:$AR$9,0)<MATCH(G$9,$E$9:$AR$9,0),"–", IF($D10=G$9,"–", IFERROR( CORREL( INDEX('3. Enter Indicator Scores'!$D$10:$CZ$161,0,MATCH($D10,'3. Enter Indicator Scores'!$D$9:$CZ$9,0)), INDEX('3. Enter Indicator Scores'!$D$10:$CZ$161,0,MATCH(G$9,'3. Enter Indicator Scores'!$D$9:$CZ$9,0)) ), "") ) ) ) | H10: =IF(OR($D10="",H$9=""),"", IF(MATCH($D10,$E$9:$AR$9,0)<MATCH(H$9,$E$9:$AR$9,0),"–", IF($D10=H$9,"–", IFERROR( CORREL( INDEX('3. Enter Indicator Scores'!$D$10:$CZ$161,0,MATCH($D10,'3. Enter Indicator Scores'!$D$9:$CZ$9,0)), INDEX('3. Enter Indicator Scores'!$D$10:$CZ$161,0,MATCH(H$9,'3. Enter Indicator Scores'!$D$9:$CZ$9,0)) ), "") ) ) ) | I10: =IF(OR($D10="",I$9=""),"", IF(MATCH($D10,$E$9:$AR$9,0)<MATCH(I$9,$E$9:$AR$9,0),"–", IF($D10=I$9,"–", IFERROR( CORREL( INDEX('3. Enter Indicator Scores'!$D$10:$CZ$161,0,MATCH($D10,'3. Enter Indicator Scores'!$D$9:$CZ$9,0)), INDEX('3. Enter Indicator Scores'!$D$10:$CZ$161,0,MATCH(I$9,'3. Enter Indicator Scores'!$D$9:$CZ$9,0)) ), "") ) ) ) | J10: =IF(OR($D10="",J$9=""),"", IF(MATCH($D10,$E$9:$AR$9,0)<MATCH(J$9,$E$9:$AR$9,0),"–", IF($D10=J$9,"–", IFERROR( CORREL( INDEX('3. Enter Indicator Scores'!$D$10:$CZ$161,0,MATCH($D10,'3. Enter Indicator Scores'!$D$9:$CZ$9,0)), INDEX('3. Enter Indicator Scores'!$D$10:$CZ$161,0,MATCH(J$9,'3. Enter Indicator Scores'!$D$9:$CZ$9,0)) ), "") ) ) ) | K10: =IF(OR($D10="",K$9=""),"", IF(MATCH($D10,$E$9:$AR$9,0)<MATCH(K$9,$E$9:$AR$9,0),"–", IF($D10=K$9,"–", IFERROR( CORREL( INDEX('3. Enter Indicator Scores'!$D$10:$CZ$161,0,MATCH($D10,'3. Enter Indicator Scores'!$D$9:$CZ$9,0)), INDEX('3. Enter Indicator Scores'!$D$10:$CZ$161,0,MATCH(K$9,'3. Enter Indicator Scores'!$D$9:$CZ$9,0)) ), "") ) ) ) | L10: =IF(OR($D10="",L$9=""),"", IF(MATCH($D10,$E$9:$AR$9,0)<MATCH(L$9,$E$9:$AR$9,0),"–", IF($D10=L$9,"–", IFERROR( CORREL( INDEX('3. Enter Indicator Scores'!$D$10:$CZ$161,0,MATCH($D10,'3. Enter Indicator Scores'!$D$9:$CZ$9,0)), INDEX('3. Enter Indicator Scores'!$D$10:$CZ$161,0,MATCH(L$9,'3. Enter Indicator Scores'!$D$9:$CZ$9,0)) ), "") ) ) ) | ... AR10: =IF(OR($D10="",AR$9=""),"", IF(MATCH($D10,$E$9:$AR$9,0)<MATCH(AR$9,$E$9:$AR$9,0),"–", IF($D10=AR$9,"–", IFERROR( CORREL( INDEX('3. Enter Indicator Scores'!$D$10:$CZ$161,0,MATCH($D10,'3. Enter Indicator Scores'!$D$9:$CZ$9,0)), INDEX('3. Enter Indicator Scores'!$D$10:$CZ$161,0,MATCH(AR$9,'3. Enter Indicator Scores'!$D$9:$CZ$9,0)) ), "") ) ) )
B11: =IF($D11="","",_xlfn.XLOOKUP($D11,tbl_define_indicators[Indicator ID],tbl_define_indicators[Pillar])) | D11: =IF($C11="","",_xlfn.XLOOKUP($C11,tbl_define_indicators[Indicator],tbl_define_indicators[Indicator ID])) | E11: =IF(OR($D11="",E$9=""),"", IF(MATCH($D11,$E$9:$AR$9,0)<MATCH(E$9,$E$9:$AR$9,0),"–", IF($D11=E$9,"–", IFERROR( CORREL( INDEX('3. Enter Indicator Scores'!$D$10:$CZ$161,0,MATCH($D11,'3. Enter Indicator Scores'!$D$9:$CZ$9,0)), INDEX('3. Enter Indicator Scores'!$D$10:$CZ$161,0,MATCH(E$9,'3. Enter Indicator Scores'!$D$9:$CZ$9,0)) ), "") ) ) ) | F11: =IF(OR($D11="",F$9=""),"", IF(MATCH($D11,$E$9:$AR$9,0)<MATCH(F$9,$E$9:$AR$9,0),"–", IF($D11=F$9,"–", IFERROR( CORREL( INDEX('3. Enter Indicator Scores'!$D$10:$CZ$161,0,MATCH($D11,'3. Enter Indicator Scores'!$D$9:$CZ$9,0)), INDEX('3. Enter Indicator Scores'!$D$10:$CZ$161,0,MATCH(F$9,'3. Enter Indicator Scores'!$D$9:$CZ$9,0)) ), "") ) ) ) | G11: =IF(OR($D11="",G$9=""),"", IF(MATCH($D11,$E$9:$AR$9,0)<MATCH(G$9,$E$9:$AR$9,0),"–", IF($D11=G$9,"–", IFERROR( CORREL( INDEX('3. Enter Indicator Scores'!$D$10:$CZ$161,0,MATCH($D11,'3. Enter Indicator Scores'!$D$9:$CZ$9,0)), INDEX('3. Enter Indicator Scores'!$D$10:$CZ$161,0,MATCH(G$9,'3. Enter Indicator Scores'!$D$9:$CZ$9,0)) ), "") ) ) ) | H11: =IF(OR($D11="",H$9=""),"", IF(MATCH($D11,$E$9:$AR$9,0)<MATCH(H$9,$E$9:$AR$9,0),"–", IF($D11=H$9,"–", IFERROR( CORREL( INDEX('3. Enter Indicator Scores'!$D$10:$CZ$161,0,MATCH($D11,'3. Enter Indicator Scores'!$D$9:$CZ$9,0)), INDEX('3. Enter Indicator Scores'!$D$10:$CZ$161,0,MATCH(H$9,'3. Enter Indicator Scores'!$D$9:$CZ$9,0)) ), "") ) ) ) | I11: =IF(OR($D11="",I$9=""),"", IF(MATCH($D11,$E$9:$AR$9,0)<MATCH(I$9,$E$9:$AR$9,0),"–", IF($D11=I$9,"–", IFERROR( CORREL( INDEX('3. Enter Indicator Scores'!$D$10:$CZ$161,0,MATCH($D11,'3. Enter Indicator Scores'!$D$9:$CZ$9,0)), INDEX('3. Enter Indicator Scores'!$D$10:$CZ$161,0,MATCH(I$9,'3. Enter Indicator Scores'!$D$9:$CZ$9,0)) ), "") ) ) ) | J11: =IF(OR($D11="",J$9=""),"", IF(MATCH($D11,$E$9:$AR$9,0)<MATCH(J$9,$E$9:$AR$9,0),"–", IF($D11=J$9,"–", IFERROR( CORREL( INDEX('3. Enter Indicator Scores'!$D$10:$CZ$161,0,MATCH($D11,'3. Enter Indicator Scores'!$D$9:$CZ$9,0)), INDEX('3. Enter Indicator Scores'!$D$10:$CZ$161,0,MATCH(J$9,'3. Enter Indicator Scores'!$D$9:$CZ$9,0)) ), "") ) ) ) | K11: =IF(OR($D11="",K$9=""),"", IF(MATCH($D11,$E$9:$AR$9,0)<MATCH(K$9,$E$9:$AR$9,0),"–", IF($D11=K$9,"–", IFERROR( CORREL( INDEX('3. Enter Indicator Scores'!$D$10:$CZ$161,0,MATCH($D11,'3. Enter Indicator Scores'!$D$9:$CZ$9,0)), INDEX('3. Enter Indicator Scores'!$D$10:$CZ$161,0,MATCH(K$9,'3. Enter Indicator Scores'!$D$9:$CZ$9,0)) ), "") ) ) ) | L11: =IF(OR($D11="",L$9=""),"", IF(MATCH($D11,$E$9:$AR$9,0)<MATCH(L$9,$E$9:$AR$9,0),"–", IF($D11=L$9,"–", IFERROR( CORREL( INDEX('3. Enter Indicator Scores'!$D$10:$CZ$161,0,MATCH($D11,'3. Enter Indicator Scores'!$D$9:$CZ$9,0)), INDEX('3. Enter Indicator Scores'!$D$10:$CZ$161,0,MATCH(L$9,'3. Enter Indicator Scores'!$D$9:$CZ$9,0)) ), "") ) ) ) | ... AR11: =IF(OR($D11="",AR$9=""),"", IF(MATCH($D11,$E$9:$AR$9,0)<MATCH(AR$9,$E$9:$AR$9,0),"–", IF($D11=AR$9,"–", IFERROR( CORREL( INDEX('3. Enter Indicator Scores'!$D$10:$CZ$161,0,MATCH($D11,'3. Enter Indicator Scores'!$D$9:$CZ$9,0)), INDEX('3. Enter Indicator Scores'!$D$10:$CZ$161,0,MATCH(AR$9,'3. Enter Indicator Scores'!$D$9:$CZ$9,0)) ), "") ) ) )
B12: =IF($D12="","",_xlfn.XLOOKUP($D12,tbl_define_indicators[Indicator ID],tbl_define_indicators[Pillar])) | D12: =IF($C12="","",_xlfn.XLOOKUP($C12,tbl_define_indicators[Indicator],tbl_define_indicators[Indicator ID])) | E12: =IF(OR($D12="",E$9=""),"", IF(MATCH($D12,$E$9:$AR$9,0)<MATCH(E$9,$E$9:$AR$9,0),"–", IF($D12=E$9,"–", IFERROR( CORREL( INDEX('3. Enter Indicator Scores'!$D$10:$CZ$161,0,MATCH($D12,'3. Enter Indicator Scores'!$D$9:$CZ$9,0)), INDEX('3. Enter Indicator Scores'!$D$10:$CZ$161,0,MATCH(E$9,'3. Enter Indicator Scores'!$D$9:$CZ$9,0)) ), "") ) ) ) | F12: =IF(OR($D12="",F$9=""),"", IF(MATCH($D12,$E$9:$AR$9,0)<MATCH(F$9,$E$9:$AR$9,0),"–", IF($D12=F$9,"–", IFERROR( CORREL( INDEX('3. Enter Indicator Scores'!$D$10:$CZ$161,0,MATCH($D12,'3. Enter Indicator Scores'!$D$9:$CZ$9,0)), INDEX('3. Enter Indicator Scores'!$D$10:$CZ$161,0,MATCH(F$9,'3. Enter Indicator Scores'!$D$9:$CZ$9,0)) ), "") ) ) ) | G12: =IF(OR($D12="",G$9=""),"", IF(MATCH($D12,$E$9:$AR$9,0)<MATCH(G$9,$E$9:$AR$9,0),"–", IF($D12=G$9,"–", IFERROR( CORREL( INDEX('3. Enter Indicator Scores'!$D$10:$CZ$161,0,MATCH($D12,'3. Enter Indicator Scores'!$D$9:$CZ$9,0)), INDEX('3. Enter Indicator Scores'!$D$10:$CZ$161,0,MATCH(G$9,'3. Enter Indicator Scores'!$D$9:$CZ$9,0)) ), "") ) ) ) | H12: =IF(OR($D12="",H$9=""),"", IF(MATCH($D12,$E$9:$AR$9,0)<MATCH(H$9,$E$9:$AR$9,0),"–", IF($D12=H$9,"–", IFERROR( CORREL( INDEX('3. Enter Indicator Scores'!$D$10:$CZ$161,0,MATCH($D12,'3. Enter Indicator Scores'!$D$9:$CZ$9,0)), INDEX('3. Enter Indicator Scores'!$D$10:$CZ$161,0,MATCH(H$9,'3. Enter Indicator Scores'!$D$9:$CZ$9,0)) ), "") ) ) ) | I12: =IF(OR($D12="",I$9=""),"", IF(MATCH($D12,$E$9:$AR$9,0)<MATCH(I$9,$E$9:$AR$9,0),"–", IF($D12=I$9,"–", IFERROR( CORREL( INDEX('3. Enter Indicator Scores'!$D$10:$CZ$161,0,MATCH($D12,'3. Enter Indicator Scores'!$D$9:$CZ$9,0)), INDEX('3. Enter Indicator Scores'!$D$10:$CZ$161,0,MATCH(I$9,'3. Enter Indicator Scores'!$D$9:$CZ$9,0)) ), "") ) ) ) | J12: =IF(OR($D12="",J$9=""),"", IF(MATCH($D12,$E$9:$AR$9,0)<MATCH(J$9,$E$9:$AR$9,0),"–", IF($D12=J$9,"–", IFERROR( CORREL( INDEX('3. Enter Indicator Scores'!$D$10:$CZ$161,0,MATCH($D12,'3. Enter Indicator Scores'!$D$9:$CZ$9,0)), INDEX('3. Enter Indicator Scores'!$D$10:$CZ$161,0,MATCH(J$9,'3. Enter Indicator Scores'!$D$9:$CZ$9,0)) ), "") ) ) ) | K12: =IF(OR($D12="",K$9=""),"", IF(MATCH($D12,$E$9:$AR$9,0)<MATCH(K$9,$E$9:$AR$9,0),"–", IF($D12=K$9,"–", IFERROR( CORREL( INDEX('3. Enter Indicator Scores'!$D$10:$CZ$161,0,MATCH($D12,'3. Enter Indicator Scores'!$D$9:$CZ$9,0)), INDEX('3. Enter Indicator Scores'!$D$10:$CZ$161,0,MATCH(K$9,'3. Enter Indicator Scores'!$D$9:$CZ$9,0)) ), "") ) ) ) | L12: =IF(OR($D12="",L$9=""),"", IF(MATCH($D12,$E$9:$AR$9,0)<MATCH(L$9,$E$9:$AR$9,0),"–", IF($D12=L$9,"–", IFERROR( CORREL( INDEX('3. Enter Indicator Scores'!$D$10:$CZ$161,0,MATCH($D12,'3. Enter Indicator Scores'!$D$9:$CZ$9,0)), INDEX('3. Enter Indicator Scores'!$D$10:$CZ$161,0,MATCH(L$9,'3. Enter Indicator Scores'!$D$9:$CZ$9,0)) ), "") ) ) ) | ... AR12: =IF(OR($D12="",AR$9=""),"", IF(MATCH($D12,$E$9:$AR$9,0)<MATCH(AR$9,$E$9:$AR$9,0),"–", IF($D12=AR$9,"–", IFERROR( CORREL( INDEX('3. Enter Indicator Scores'!$D$10:$CZ$161,0,MATCH($D12,'3. Enter Indicator Scores'!$D$9:$CZ$9,0)), INDEX('3. Enter Indicator Scores'!$D$10:$CZ$161,0,MATCH(AR$9,'3. Enter Indicator Scores'!$D$9:$CZ$9,0)) ), "") ) ) )
B13: =IF($D13="","",_xlfn.XLOOKUP($D13,tbl_define_indicators[Indicator ID],tbl_define_indicators[Pillar])) | D13: =IF($C13="","",_xlfn.XLOOKUP($C13,tbl_define_indicators[Indicator],tbl_define_indicators[Indicator ID])) | E13: =IF(OR($D13="",E$9=""),"", IF(MATCH($D13,$E$9:$AR$9,0)<MATCH(E$9,$E$9:$AR$9,0),"–", IF($D13=E$9,"–", IFERROR( CORREL( INDEX('3. Enter Indicator Scores'!$D$10:$CZ$161,0,MATCH($D13,'3. Enter Indicator Scores'!$D$9:$CZ$9,0)), INDEX('3. Enter Indicator Scores'!$D$10:$CZ$161,0,MATCH(E$9,'3. Enter Indicator Scores'!$D$9:$CZ$9,0)) ), "") ) ) ) | F13: =IF(OR($D13="",F$9=""),"", IF(MATCH($D13,$E$9:$AR$9,0)<MATCH(F$9,$E$9:$AR$9,0),"–", IF($D13=F$9,"–", IFERROR( CORREL( INDEX('3. Enter Indicator Scores'!$D$10:$CZ$161,0,MATCH($D13,'3. Enter Indicator Scores'!$D$9:$CZ$9,0)), INDEX('3. Enter Indicator Scores'!$D$10:$CZ$161,0,MATCH(F$9,'3. Enter Indicator Scores'!$D$9:$CZ$9,0)) ), "") ) ) ) | G13: =IF(OR($D13="",G$9=""),"", IF(MATCH($D13,$E$9:$AR$9,0)<MATCH(G$9,$E$9:$AR$9,0),"–", IF($D13=G$9,"–", IFERROR( CORREL( INDEX('3. Enter Indicator Scores'!$D$10:$CZ$161,0,MATCH($D13,'3. Enter Indicator Scores'!$D$9:$CZ$9,0)), INDEX('3. Enter Indicator Scores'!$D$10:$CZ$161,0,MATCH(G$9,'3. Enter Indicator Scores'!$D$9:$CZ$9,0)) ), "") ) ) ) | H13: =IF(OR($D13="",H$9=""),"", IF(MATCH($D13,$E$9:$AR$9,0)<MATCH(H$9,$E$9:$AR$9,0),"–", IF($D13=H$9,"–", IFERROR( CORREL( INDEX('3. Enter Indicator Scores'!$D$10:$CZ$161,0,MATCH($D13,'3. Enter Indicator Scores'!$D$9:$CZ$9,0)), INDEX('3. Enter Indicator Scores'!$D$10:$CZ$161,0,MATCH(H$9,'3. Enter Indicator Scores'!$D$9:$CZ$9,0)) ), "") ) ) ) | I13: =IF(OR($D13="",I$9=""),"", IF(MATCH($D13,$E$9:$AR$9,0)<MATCH(I$9,$E$9:$AR$9,0),"–", IF($D13=I$9,"–", IFERROR( CORREL( INDEX('3. Enter Indicator Scores'!$D$10:$CZ$161,0,MATCH($D13,'3. Enter Indicator Scores'!$D$9:$CZ$9,0)), INDEX('3. Enter Indicator Scores'!$D$10:$CZ$161,0,MATCH(I$9,'3. Enter Indicator Scores'!$D$9:$CZ$9,0)) ), "") ) ) ) | J13: =IF(OR($D13="",J$9=""),"", IF(MATCH($D13,$E$9:$AR$9,0)<MATCH(J$9,$E$9:$AR$9,0),"–", IF($D13=J$9,"–", IFERROR( CORREL( INDEX('3. Enter Indicator Scores'!$D$10:$CZ$161,0,MATCH($D13,'3. Enter Indicator Scores'!$D$9:$CZ$9,0)), INDEX('3. Enter Indicator Scores'!$D$10:$CZ$161,0,MATCH(J$9,'3. Enter Indicator Scores'!$D$9:$CZ$9,0)) ), "") ) ) ) | K13: =IF(OR($D13="",K$9=""),"", IF(MATCH($D13,$E$9:$AR$9,0)<MATCH(K$9,$E$9:$AR$9,0),"–", IF($D13=K$9,"–", IFERROR( CORREL( INDEX('3. Enter Indicator Scores'!$D$10:$CZ$161,0,MATCH($D13,'3. Enter Indicator Scores'!$D$9:$CZ$9,0)), INDEX('3. Enter Indicator Scores'!$D$10:$CZ$161,0,MATCH(K$9,'3. Enter Indicator Scores'!$D$9:$CZ$9,0)) ), "") ) ) ) | L13: =IF(OR($D13="",L$9=""),"", IF(MATCH($D13,$E$9:$AR$9,0)<MATCH(L$9,$E$9:$AR$9,0),"–", IF($D13=L$9,"–", IFERROR( CORREL( INDEX('3. Enter Indicator Scores'!$D$10:$CZ$161,0,MATCH($D13,'3. Enter Indicator Scores'!$D$9:$CZ$9,0)), INDEX('3. Enter Indicator Scores'!$D$10:$CZ$161,0,MATCH(L$9,'3. Enter Indicator Scores'!$D$9:$CZ$9,0)) ), "") ) ) ) | ... AR13: =IF(OR($D13="",AR$9=""),"", IF(MATCH($D13,$E$9:$AR$9,0)<MATCH(AR$9,$E$9:$AR$9,0),"–", IF($D13=AR$9,"–", IFERROR( CORREL( INDEX('3. Enter Indicator Scores'!$D$10:$CZ$161,0,MATCH($D13,'3. Enter Indicator Scores'!$D$9:$CZ$9,0)), INDEX('3. Enter Indicator Scores'!$D$10:$CZ$161,0,MATCH(AR$9,'3. Enter Indicator Scores'!$D$9:$CZ$9,0)) ), "") ) ) )
B14: =IF($D14="","",_xlfn.XLOOKUP($D14,tbl_define_indicators[Indicator ID],tbl_define_indicators[Pillar])) | D14: =IF($C14="","",_xlfn.XLOOKUP($C14,tbl_define_indicators[Indicator],tbl_define_indicators[Indicator ID])) | E14: =IF(OR($D14="",E$9=""),"", IF(MATCH($D14,$E$9:$AR$9,0)<MATCH(E$9,$E$9:$AR$9,0),"–", IF($D14=E$9,"–", IFERROR( CORREL( INDEX('3. Enter Indicator Scores'!$D$10:$CZ$161,0,MATCH($D14,'3. Enter Indicator Scores'!$D$9:$CZ$9,0)), INDEX('3. Enter Indicator Scores'!$D$10:$CZ$161,0,MATCH(E$9,'3. Enter Indicator Scores'!$D$9:$CZ$9,0)) ), "") ) ) ) | F14: =IF(OR($D14="",F$9=""),"", IF(MATCH($D14,$E$9:$AR$9,0)<MATCH(F$9,$E$9:$AR$9,0),"–", IF($D14=F$9,"–", IFERROR( CORREL( INDEX('3. Enter Indicator Scores'!$D$10:$CZ$161,0,MATCH($D14,'3. Enter Indicator Scores'!$D$9:$CZ$9,0)), INDEX('3. Enter Indicator Scores'!$D$10:$CZ$161,0,MATCH(F$9,'3. Enter Indicator Scores'!$D$9:$CZ$9,0)) ), "") ) ) ) | G14: =IF(OR($D14="",G$9=""),"", IF(MATCH($D14,$E$9:$AR$9,0)<MATCH(G$9,$E$9:$AR$9,0),"–", IF($D14=G$9,"–", IFERROR( CORREL( INDEX('3. Enter Indicator Scores'!$D$10:$CZ$161,0,MATCH($D14,'3. Enter Indicator Scores'!$D$9:$CZ$9,0)), INDEX('3. Enter Indicator Scores'!$D$10:$CZ$161,0,MATCH(G$9,'3. Enter Indicator Scores'!$D$9:$CZ$9,0)) ), "") ) ) ) | H14: =IF(OR($D14="",H$9=""),"", IF(MATCH($D14,$E$9:$AR$9,0)<MATCH(H$9,$E$9:$AR$9,0),"–", IF($D14=H$9,"–", IFERROR( CORREL( INDEX('3. Enter Indicator Scores'!$D$10:$CZ$161,0,MATCH($D14,'3. Enter Indicator Scores'!$D$9:$CZ$9,0)), INDEX('3. Enter Indicator Scores'!$D$10:$CZ$161,0,MATCH(H$9,'3. Enter Indicator Scores'!$D$9:$CZ$9,0)) ), "") ) ) ) | I14: =IF(OR($D14="",I$9=""),"", IF(MATCH($D14,$E$9:$AR$9,0)<MATCH(I$9,$E$9:$AR$9,0),"–", IF($D14=I$9,"–", IFERROR( CORREL( INDEX('3. Enter Indicator Scores'!$D$10:$CZ$161,0,MATCH($D14,'3. Enter Indicator Scores'!$D$9:$CZ$9,0)), INDEX('3. Enter Indicator Scores'!$D$10:$CZ$161,0,MATCH(I$9,'3. Enter Indicator Scores'!$D$9:$CZ$9,0)) ), "") ) ) ) | J14: =IF(OR($D14="",J$9=""),"", IF(MATCH($D14,$E$9:$AR$9,0)<MATCH(J$9,$E$9:$AR$9,0),"–", IF($D14=J$9,"–", IFERROR( CORREL( INDEX('3. Enter Indicator Scores'!$D$10:$CZ$161,0,MATCH($D14,'3. Enter Indicator Scores'!$D$9:$CZ$9,0)), INDEX('3. Enter Indicator Scores'!$D$10:$CZ$161,0,MATCH(J$9,'3. Enter Indicator Scores'!$D$9:$CZ$9,0)) ), "") ) ) ) | K14: =IF(OR($D14="",K$9=""),"", IF(MATCH($D14,$E$9:$AR$9,0)<MATCH(K$9,$E$9:$AR$9,0),"–", IF($D14=K$9,"–", IFERROR( CORREL( INDEX('3. Enter Indicator Scores'!$D$10:$CZ$161,0,MATCH($D14,'3. Enter Indicator Scores'!$D$9:$CZ$9,0)), INDEX('3. Enter Indicator Scores'!$D$10:$CZ$161,0,MATCH(K$9,'3. Enter Indicator Scores'!$D$9:$CZ$9,0)) ), "") ) ) ) | L14: =IF(OR($D14="",L$9=""),"", IF(MATCH($D14,$E$9:$AR$9,0)<MATCH(L$9,$E$9:$AR$9,0),"–", IF($D14=L$9,"–", IFERROR( CORREL( INDEX('3. Enter Indicator Scores'!$D$10:$CZ$161,0,MATCH($D14,'3. Enter Indicator Scores'!$D$9:$CZ$9,0)), INDEX('3. Enter Indicator Scores'!$D$10:$CZ$161,0,MATCH(L$9,'3. Enter Indicator Scores'!$D$9:$CZ$9,0)) ), "") ) ) ) | ... AR14: =IF(OR($D14="",AR$9=""),"", IF(MATCH($D14,$E$9:$AR$9,0)<MATCH(AR$9,$E$9:$AR$9,0),"–", IF($D14=AR$9,"–", IFERROR( CORREL( INDEX('3. Enter Indicator Scores'!$D$10:$CZ$161,0,MATCH($D14,'3. Enter Indicator Scores'!$D$9:$CZ$9,0)), INDEX('3. Enter Indicator Scores'!$D$10:$CZ$161,0,MATCH(AR$9,'3. Enter Indicator Scores'!$D$9:$CZ$9,0)) ), "") ) ) )
B15: =IF($D15="","",_xlfn.XLOOKUP($D15,tbl_define_indicators[Indicator ID],tbl_define_indicators[Pillar])) | D15: =IF($C15="","",_xlfn.XLOOKUP($C15,tbl_define_indicators[Indicator],tbl_define_indicators[Indicator ID])) | E15: =IF(OR($D15="",E$9=""),"", IF(MATCH($D15,$E$9:$AR$9,0)<MATCH(E$9,$E$9:$AR$9,0),"–", IF($D15=E$9,"–", IFERROR( CORREL( INDEX('3. Enter Indicator Scores'!$D$10:$CZ$161,0,MATCH($D15,'3. Enter Indicator Scores'!$D$9:$CZ$9,0)), INDEX('3. Enter Indicator Scores'!$D$10:$CZ$161,0,MATCH(E$9,'3. Enter Indicator Scores'!$D$9:$CZ$9,0)) ), "") ) ) ) | F15: =IF(OR($D15="",F$9=""),"", IF(MATCH($D15,$E$9:$AR$9,0)<MATCH(F$9,$E$9:$AR$9,0),"–", IF($D15=F$9,"–", IFERROR( CORREL( INDEX('3. Enter Indicator Scores'!$D$10:$CZ$161,0,MATCH($D15,'3. Enter Indicator Scores'!$D$9:$CZ$9,0)), INDEX('3. Enter Indicator Scores'!$D$10:$CZ$161,0,MATCH(F$9,'3. Enter Indicator Scores'!$D$9:$CZ$9,0)) ), "") ) ) ) | G15: =IF(OR($D15="",G$9=""),"", IF(MATCH($D15,$E$9:$AR$9,0)<MATCH(G$9,$E$9:$AR$9,0),"–", IF($D15=G$9,"–", IFERROR( CORREL( INDEX('3. Enter Indicator Scores'!$D$10:$CZ$161,0,MATCH($D15,'3. Enter Indicator Scores'!$D$9:$CZ$9,0)), INDEX('3. Enter Indicator Scores'!$D$10:$CZ$161,0,MATCH(G$9,'3. Enter Indicator Scores'!$D$9:$CZ$9,0)) ), "") ) ) ) | H15: =IF(OR($D15="",H$9=""),"", IF(MATCH($D15,$E$9:$AR$9,0)<MATCH(H$9,$E$9:$AR$9,0),"–", IF($D15=H$9,"–", IFERROR( CORREL( INDEX('3. Enter Indicator Scores'!$D$10:$CZ$161,0,MATCH($D15,'3. Enter Indicator Scores'!$D$9:$CZ$9,0)), INDEX('3. Enter Indicator Scores'!$D$10:$CZ$161,0,MATCH(H$9,'3. Enter Indicator Scores'!$D$9:$CZ$9,0)) ), "") ) ) ) | I15: =IF(OR($D15="",I$9=""),"", IF(MATCH($D15,$E$9:$AR$9,0)<MATCH(I$9,$E$9:$AR$9,0),"–", IF($D15=I$9,"–", IFERROR( CORREL( INDEX('3. Enter Indicator Scores'!$D$10:$CZ$161,0,MATCH($D15,'3. Enter Indicator Scores'!$D$9:$CZ$9,0)), INDEX('3. Enter Indicator Scores'!$D$10:$CZ$161,0,MATCH(I$9,'3. Enter Indicator Scores'!$D$9:$CZ$9,0)) ), "") ) ) ) | J15: =IF(OR($D15="",J$9=""),"", IF(MATCH($D15,$E$9:$AR$9,0)<MATCH(J$9,$E$9:$AR$9,0),"–", IF($D15=J$9,"–", IFERROR( CORREL( INDEX('3. Enter Indicator Scores'!$D$10:$CZ$161,0,MATCH($D15,'3. Enter Indicator Scores'!$D$9:$CZ$9,0)), INDEX('3. Enter Indicator Scores'!$D$10:$CZ$161,0,MATCH(J$9,'3. Enter Indicator Scores'!$D$9:$CZ$9,0)) ), "") ) ) ) | K15: =IF(OR($D15="",K$9=""),"", IF(MATCH($D15,$E$9:$AR$9,0)<MATCH(K$9,$E$9:$AR$9,0),"–", IF($D15=K$9,"–", IFERROR( CORREL( INDEX('3. Enter Indicator Scores'!$D$10:$CZ$161,0,MATCH($D15,'3. Enter Indicator Scores'!$D$9:$CZ$9,0)), INDEX('3. Enter Indicator Scores'!$D$10:$CZ$161,0,MATCH(K$9,'3. Enter Indicator Scores'!$D$9:$CZ$9,0)) ), "") ) ) ) | L15: =IF(OR($D15="",L$9=""),"", IF(MATCH($D15,$E$9:$AR$9,0)<MATCH(L$9,$E$9:$AR$9,0),"–", IF($D15=L$9,"–", IFERROR( CORREL( INDEX('3. Enter Indicator Scores'!$D$10:$CZ$161,0,MATCH($D15,'3. Enter Indicator Scores'!$D$9:$CZ$9,0)), INDEX('3. Enter Indicator Scores'!$D$10:$CZ$161,0,MATCH(L$9,'3. Enter Indicator Scores'!$D$9:$CZ$9,0)) ), "") ) ) ) | ... AR15: =IF(OR($D15="",AR$9=""),"", IF(MATCH($D15,$E$9:$AR$9,0)<MATCH(AR$9,$E$9:$AR$9,0),"–", IF($D15=AR$9,"–", IFERROR( CORREL( INDEX('3. Enter Indicator Scores'!$D$10:$CZ$161,0,MATCH($D15,'3. Enter Indicator Scores'!$D$9:$CZ$9,0)), INDEX('3. Enter Indicator Scores'!$D$10:$CZ$161,0,MATCH(AR$9,'3. Enter Indicator Scores'!$D$9:$CZ$9,0)) ), "") ) ) )
B16: =IF($D16="","",_xlfn.XLOOKUP($D16,tbl_define_indicators[Indicator ID],tbl_define_indicators[Pillar])) | D16: =IF($C16="","",_xlfn.XLOOKUP($C16,tbl_define_indicators[Indicator],tbl_define_indicators[Indicator ID])) | E16: =IF(OR($D16="",E$9=""),"", IF(MATCH($D16,$E$9:$AR$9,0)<MATCH(E$9,$E$9:$AR$9,0),"–", IF($D16=E$9,"–", IFERROR( CORREL( INDEX('3. Enter Indicator Scores'!$D$10:$CZ$161,0,MATCH($D16,'3. Enter Indicator Scores'!$D$9:$CZ$9,0)), INDEX('3. Enter Indicator Scores'!$D$10:$CZ$161,0,MATCH(E$9,'3. Enter Indicator Scores'!$D$9:$CZ$9,0)) ), "") ) ) ) | F16: =IF(OR($D16="",F$9=""),"", IF(MATCH($D16,$E$9:$AR$9,0)<MATCH(F$9,$E$9:$AR$9,0),"–", IF($D16=F$9,"–", IFERROR( CORREL( INDEX('3. Enter Indicator Scores'!$D$10:$CZ$161,0,MATCH($D16,'3. Enter Indicator Scores'!$D$9:$CZ$9,0)), INDEX('3. Enter Indicator Scores'!$D$10:$CZ$161,0,MATCH(F$9,'3. Enter Indicator Scores'!$D$9:$CZ$9,0)) ), "") ) ) ) | G16: =IF(OR($D16="",G$9=""),"", IF(MATCH($D16,$E$9:$AR$9,0)<MATCH(G$9,$E$9:$AR$9,0),"–", IF($D16=G$9,"–", IFERROR( CORREL( INDEX('3. Enter Indicator Scores'!$D$10:$CZ$161,0,MATCH($D16,'3. Enter Indicator Scores'!$D$9:$CZ$9,0)), INDEX('3. Enter Indicator Scores'!$D$10:$CZ$161,0,MATCH(G$9,'3. Enter Indicator Scores'!$D$9:$CZ$9,0)) ), "") ) ) ) | H16: =IF(OR($D16="",H$9=""),"", IF(MATCH($D16,$E$9:$AR$9,0)<MATCH(H$9,$E$9:$AR$9,0),"–", IF($D16=H$9,"–", IFERROR( CORREL( INDEX('3. Enter Indicator Scores'!$D$10:$CZ$161,0,MATCH($D16,'3. Enter Indicator Scores'!$D$9:$CZ$9,0)), INDEX('3. Enter Indicator Scores'!$D$10:$CZ$161,0,MATCH(H$9,'3. Enter Indicator Scores'!$D$9:$CZ$9,0)) ), "") ) ) ) | I16: =IF(OR($D16="",I$9=""),"", IF(MATCH($D16,$E$9:$AR$9,0)<MATCH(I$9,$E$9:$AR$9,0),"–", IF($D16=I$9,"–", IFERROR( CORREL( INDEX('3. Enter Indicator Scores'!$D$10:$CZ$161,0,MATCH($D16,'3. Enter Indicator Scores'!$D$9:$CZ$9,0)), INDEX('3. Enter Indicator Scores'!$D$10:$CZ$161,0,MATCH(I$9,'3. Enter Indicator Scores'!$D$9:$CZ$9,0)) ), "") ) ) ) | J16: =IF(OR($D16="",J$9=""),"", IF(MATCH($D16,$E$9:$AR$9,0)<MATCH(J$9,$E$9:$AR$9,0),"–", IF($D16=J$9,"–", IFERROR( CORREL( INDEX('3. Enter Indicator Scores'!$D$10:$CZ$161,0,MATCH($D16,'3. Enter Indicator Scores'!$D$9:$CZ$9,0)), INDEX('3. Enter Indicator Scores'!$D$10:$CZ$161,0,MATCH(J$9,'3. Enter Indicator Scores'!$D$9:$CZ$9,0)) ), "") ) ) ) | K16: =IF(OR($D16="",K$9=""),"", IF(MATCH($D16,$E$9:$AR$9,0)<MATCH(K$9,$E$9:$AR$9,0),"–", IF($D16=K$9,"–", IFERROR( CORREL( INDEX('3. Enter Indicator Scores'!$D$10:$CZ$161,0,MATCH($D16,'3. Enter Indicator Scores'!$D$9:$CZ$9,0)), INDEX('3. Enter Indicator Scores'!$D$10:$CZ$161,0,MATCH(K$9,'3. Enter Indicator Scores'!$D$9:$CZ$9,0)) ), "") ) ) ) | L16: =IF(OR($D16="",L$9=""),"", IF(MATCH($D16,$E$9:$AR$9,0)<MATCH(L$9,$E$9:$AR$9,0),"–", IF($D16=L$9,"–", IFERROR( CORREL( INDEX('3. Enter Indicator Scores'!$D$10:$CZ$161,0,MATCH($D16,'3. Enter Indicator Scores'!$D$9:$CZ$9,0)), INDEX('3. Enter Indicator Scores'!$D$10:$CZ$161,0,MATCH(L$9,'3. Enter Indicator Scores'!$D$9:$CZ$9,0)) ), "") ) ) ) | ... AR16: =IF(OR($D16="",AR$9=""),"", IF(MATCH($D16,$E$9:$AR$9,0)<MATCH(AR$9,$E$9:$AR$9,0),"–", IF($D16=AR$9,"–", IFERROR( CORREL( INDEX('3. Enter Indicator Scores'!$D$10:$CZ$161,0,MATCH($D16,'3. Enter Indicator Scores'!$D$9:$CZ$9,0)), INDEX('3. Enter Indicator Scores'!$D$10:$CZ$161,0,MATCH(AR$9,'3. Enter Indicator Scores'!$D$9:$CZ$9,0)) ), "") ) ) )
B17: =IF($D17="","",_xlfn.XLOOKUP($D17,tbl_define_indicators[Indicator ID],tbl_define_indicators[Pillar])) | D17: =IF($C17="","",_xlfn.XLOOKUP($C17,tbl_define_indicators[Indicator],tbl_define_indicators[Indicator ID])) | E17: =IF(OR($D17="",E$9=""),"", IF(MATCH($D17,$E$9:$AR$9,0)<MATCH(E$9,$E$9:$AR$9,0),"–", IF($D17=E$9,"–", IFERROR( CORREL( INDEX('3. Enter Indicator Scores'!$D$10:$CZ$161,0,MATCH($D17,'3. Enter Indicator Scores'!$D$9:$CZ$9,0)), INDEX('3. Enter Indicator Scores'!$D$10:$CZ$161,0,MATCH(E$9,'3. Enter Indicator Scores'!$D$9:$CZ$9,0)) ), "") ) ) ) | F17: =IF(OR($D17="",F$9=""),"", IF(MATCH($D17,$E$9:$AR$9,0)<MATCH(F$9,$E$9:$AR$9,0),"–", IF($D17=F$9,"–", IFERROR( CORREL( INDEX('3. Enter Indicator Scores'!$D$10:$CZ$161,0,MATCH($D17,'3. Enter Indicator Scores'!$D$9:$CZ$9,0)), INDEX('3. Enter Indicator Scores'!$D$10:$CZ$161,0,MATCH(F$9,'3. Enter Indicator Scores'!$D$9:$CZ$9,0)) ), "") ) ) ) | G17: =IF(OR($D17="",G$9=""),"", IF(MATCH($D17,$E$9:$AR$9,0)<MATCH(G$9,$E$9:$AR$9,0),"–", IF($D17=G$9,"–", IFERROR( CORREL( INDEX('3. Enter Indicator Scores'!$D$10:$CZ$161,0,MATCH($D17,'3. Enter Indicator Scores'!$D$9:$CZ$9,0)), INDEX('3. Enter Indicator Scores'!$D$10:$CZ$161,0,MATCH(G$9,'3. Enter Indicator Scores'!$D$9:$CZ$9,0)) ), "") ) ) ) | H17: =IF(OR($D17="",H$9=""),"", IF(MATCH($D17,$E$9:$AR$9,0)<MATCH(H$9,$E$9:$AR$9,0),"–", IF($D17=H$9,"–", IFERROR( CORREL( INDEX('3. Enter Indicator Scores'!$D$10:$CZ$161,0,MATCH($D17,'3. Enter Indicator Scores'!$D$9:$CZ$9,0)), INDEX('3. Enter Indicator Scores'!$D$10:$CZ$161,0,MATCH(H$9,'3. Enter Indicator Scores'!$D$9:$CZ$9,0)) ), "") ) ) ) | I17: =IF(OR($D17="",I$9=""),"", IF(MATCH($D17,$E$9:$AR$9,0)<MATCH(I$9,$E$9:$AR$9,0),"–", IF($D17=I$9,"–", IFERROR( CORREL( INDEX('3. Enter Indicator Scores'!$D$10:$CZ$161,0,MATCH($D17,'3. Enter Indicator Scores'!$D$9:$CZ$9,0)), INDEX('3. Enter Indicator Scores'!$D$10:$CZ$161,0,MATCH(I$9,'3. Enter Indicator Scores'!$D$9:$CZ$9,0)) ), "") ) ) ) | J17: =IF(OR($D17="",J$9=""),"", IF(MATCH($D17,$E$9:$AR$9,0)<MATCH(J$9,$E$9:$AR$9,0),"–", IF($D17=J$9,"–", IFERROR( CORREL( INDEX('3. Enter Indicator Scores'!$D$10:$CZ$161,0,MATCH($D17,'3. Enter Indicator Scores'!$D$9:$CZ$9,0)), INDEX('3. Enter Indicator Scores'!$D$10:$CZ$161,0,MATCH(J$9,'3. Enter Indicator Scores'!$D$9:$CZ$9,0)) ), "") ) ) ) | K17: =IF(OR($D17="",K$9=""),"", IF(MATCH($D17,$E$9:$AR$9,0)<MATCH(K$9,$E$9:$AR$9,0),"–", IF($D17=K$9,"–", IFERROR( CORREL( INDEX('3. Enter Indicator Scores'!$D$10:$CZ$161,0,MATCH($D17,'3. Enter Indicator Scores'!$D$9:$CZ$9,0)), INDEX('3. Enter Indicator Scores'!$D$10:$CZ$161,0,MATCH(K$9,'3. Enter Indicator Scores'!$D$9:$CZ$9,0)) ), "") ) ) ) | L17: =IF(OR($D17="",L$9=""),"", IF(MATCH($D17,$E$9:$AR$9,0)<MATCH(L$9,$E$9:$AR$9,0),"–", IF($D17=L$9,"–", IFERROR( CORREL( INDEX('3. Enter Indicator Scores'!$D$10:$CZ$161,0,MATCH($D17,'3. Enter Indicator Scores'!$D$9:$CZ$9,0)), INDEX('3. Enter Indicator Scores'!$D$10:$CZ$161,0,MATCH(L$9,'3. Enter Indicator Scores'!$D$9:$CZ$9,0)) ), "") ) ) ) | ... AR17: =IF(OR($D17="",AR$9=""),"", IF(MATCH($D17,$E$9:$AR$9,0)<MATCH(AR$9,$E$9:$AR$9,0),"–", IF($D17=AR$9,"–", IFERROR( CORREL( INDEX('3. Enter Indicator Scores'!$D$10:$CZ$161,0,MATCH($D17,'3. Enter Indicator Scores'!$D$9:$CZ$9,0)), INDEX('3. Enter Indicator Scores'!$D$10:$CZ$161,0,MATCH(AR$9,'3. Enter Indicator Scores'!$D$9:$CZ$9,0)) ), "") ) ) )
B18: =IF($D18="","",_xlfn.XLOOKUP($D18,tbl_define_indicators[Indicator ID],tbl_define_indicators[Pillar])) | D18: =IF($C18="","",_xlfn.XLOOKUP($C18,tbl_define_indicators[Indicator],tbl_define_indicators[Indicator ID])) | E18: =IF(OR($D18="",E$9=""),"", IF(MATCH($D18,$E$9:$AR$9,0)<MATCH(E$9,$E$9:$AR$9,0),"–", IF($D18=E$9,"–", IFERROR( CORREL( INDEX('3. Enter Indicator Scores'!$D$10:$CZ$161,0,MATCH($D18,'3. Enter Indicator Scores'!$D$9:$CZ$9,0)), INDEX('3. Enter Indicator Scores'!$D$10:$CZ$161,0,MATCH(E$9,'3. Enter Indicator Scores'!$D$9:$CZ$9,0)) ), "") ) ) ) | F18: =IF(OR($D18="",F$9=""),"", IF(MATCH($D18,$E$9:$AR$9,0)<MATCH(F$9,$E$9:$AR$9,0),"–", IF($D18=F$9,"–", IFERROR( CORREL( INDEX('3. Enter Indicator Scores'!$D$10:$CZ$161,0,MATCH($D18,'3. Enter Indicator Scores'!$D$9:$CZ$9,0)), INDEX('3. Enter Indicator Scores'!$D$10:$CZ$161,0,MATCH(F$9,'3. Enter Indicator Scores'!$D$9:$CZ$9,0)) ), "") ) ) ) | G18: =IF(OR($D18="",G$9=""),"", IF(MATCH($D18,$E$9:$AR$9,0)<MATCH(G$9,$E$9:$AR$9,0),"–", IF($D18=G$9,"–", IFERROR( CORREL( INDEX('3. Enter Indicator Scores'!$D$10:$CZ$161,0,MATCH($D18,'3. Enter Indicator Scores'!$D$9:$CZ$9,0)), INDEX('3. Enter Indicator Scores'!$D$10:$CZ$161,0,MATCH(G$9,'3. Enter Indicator Scores'!$D$9:$CZ$9,0)) ), "") ) ) ) | H18: =IF(OR($D18="",H$9=""),"", IF(MATCH($D18,$E$9:$AR$9,0)<MATCH(H$9,$E$9:$AR$9,0),"–", IF($D18=H$9,"–", IFERROR( CORREL( INDEX('3. Enter Indicator Scores'!$D$10:$CZ$161,0,MATCH($D18,'3. Enter Indicator Scores'!$D$9:$CZ$9,0)), INDEX('3. Enter Indicator Scores'!$D$10:$CZ$161,0,MATCH(H$9,'3. Enter Indicator Scores'!$D$9:$CZ$9,0)) ), "") ) ) ) | I18: =IF(OR($D18="",I$9=""),"", IF(MATCH($D18,$E$9:$AR$9,0)<MATCH(I$9,$E$9:$AR$9,0),"–", IF($D18=I$9,"–", IFERROR( CORREL( INDEX('3. Enter Indicator Scores'!$D$10:$CZ$161,0,MATCH($D18,'3. Enter Indicator Scores'!$D$9:$CZ$9,0)), INDEX('3. Enter Indicator Scores'!$D$10:$CZ$161,0,MATCH(I$9,'3. Enter Indicator Scores'!$D$9:$CZ$9,0)) ), "") ) ) ) | J18: =IF(OR($D18="",J$9=""),"", IF(MATCH($D18,$E$9:$AR$9,0)<MATCH(J$9,$E$9:$AR$9,0),"–", IF($D18=J$9,"–", IFERROR( CORREL( INDEX('3. Enter Indicator Scores'!$D$10:$CZ$161,0,MATCH($D18,'3. Enter Indicator Scores'!$D$9:$CZ$9,0)), INDEX('3. Enter Indicator Scores'!$D$10:$CZ$161,0,MATCH(J$9,'3. Enter Indicator Scores'!$D$9:$CZ$9,0)) ), "") ) ) ) | K18: =IF(OR($D18="",K$9=""),"", IF(MATCH($D18,$E$9:$AR$9,0)<MATCH(K$9,$E$9:$AR$9,0),"–", IF($D18=K$9,"–", IFERROR( CORREL( INDEX('3. Enter Indicator Scores'!$D$10:$CZ$161,0,MATCH($D18,'3. Enter Indicator Scores'!$D$9:$CZ$9,0)), INDEX('3. Enter Indicator Scores'!$D$10:$CZ$161,0,MATCH(K$9,'3. Enter Indicator Scores'!$D$9:$CZ$9,0)) ), "") ) ) ) | L18: =IF(OR($D18="",L$9=""),"", IF(MATCH($D18,$E$9:$AR$9,0)<MATCH(L$9,$E$9:$AR$9,0),"–", IF($D18=L$9,"–", IFERROR( CORREL( INDEX('3. Enter Indicator Scores'!$D$10:$CZ$161,0,MATCH($D18,'3. Enter Indicator Scores'!$D$9:$CZ$9,0)), INDEX('3. Enter Indicator Scores'!$D$10:$CZ$161,0,MATCH(L$9,'3. Enter Indicator Scores'!$D$9:$CZ$9,0)) ), "") ) ) ) | ... AR18: =IF(OR($D18="",AR$9=""),"", IF(MATCH($D18,$E$9:$AR$9,0)<MATCH(AR$9,$E$9:$AR$9,0),"–", IF($D18=AR$9,"–", IFERROR( CORREL( INDEX('3. Enter Indicator Scores'!$D$10:$CZ$161,0,MATCH($D18,'3. Enter Indicator Scores'!$D$9:$CZ$9,0)), INDEX('3. Enter Indicator Scores'!$D$10:$CZ$161,0,MATCH(AR$9,'3. Enter Indicator Scores'!$D$9:$CZ$9,0)) ), "") ) ) )
B19: =IF($D19="","",_xlfn.XLOOKUP($D19,tbl_define_indicators[Indicator ID],tbl_define_indicators[Pillar])) | D19: =IF($C19="","",_xlfn.XLOOKUP($C19,tbl_define_indicators[Indicator],tbl_define_indicators[Indicator ID])) | E19: =IF(OR($D19="",E$9=""),"", IF(MATCH($D19,$E$9:$AR$9,0)<MATCH(E$9,$E$9:$AR$9,0),"–", IF($D19=E$9,"–", IFERROR( CORREL( INDEX('3. Enter Indicator Scores'!$D$10:$CZ$161,0,MATCH($D19,'3. Enter Indicator Scores'!$D$9:$CZ$9,0)), INDEX('3. Enter Indicator Scores'!$D$10:$CZ$161,0,MATCH(E$9,'3. Enter Indicator Scores'!$D$9:$CZ$9,0)) ), "") ) ) ) | F19: =IF(OR($D19="",F$9=""),"", IF(MATCH($D19,$E$9:$AR$9,0)<MATCH(F$9,$E$9:$AR$9,0),"–", IF($D19=F$9,"–", IFERROR( CORREL( INDEX('3. Enter Indicator Scores'!$D$10:$CZ$161,0,MATCH($D19,'3. Enter Indicator Scores'!$D$9:$CZ$9,0)), INDEX('3. Enter Indicator Scores'!$D$10:$CZ$161,0,MATCH(F$9,'3. Enter Indicator Scores'!$D$9:$CZ$9,0)) ), "") ) ) ) | G19: =IF(OR($D19="",G$9=""),"", IF(MATCH($D19,$E$9:$AR$9,0)<MATCH(G$9,$E$9:$AR$9,0),"–", IF($D19=G$9,"–", IFERROR( CORREL( INDEX('3. Enter Indicator Scores'!$D$10:$CZ$161,0,MATCH($D19,'3. Enter Indicator Scores'!$D$9:$CZ$9,0)), INDEX('3. Enter Indicator Scores'!$D$10:$CZ$161,0,MATCH(G$9,'3. Enter Indicator Scores'!$D$9:$CZ$9,0)) ), "") ) ) ) | H19: =IF(OR($D19="",H$9=""),"", IF(MATCH($D19,$E$9:$AR$9,0)<MATCH(H$9,$E$9:$AR$9,0),"–", IF($D19=H$9,"–", IFERROR( CORREL( INDEX('3. Enter Indicator Scores'!$D$10:$CZ$161,0,MATCH($D19,'3. Enter Indicator Scores'!$D$9:$CZ$9,0)), INDEX('3. Enter Indicator Scores'!$D$10:$CZ$161,0,MATCH(H$9,'3. Enter Indicator Scores'!$D$9:$CZ$9,0)) ), "") ) ) ) | I19: =IF(OR($D19="",I$9=""),"", IF(MATCH($D19,$E$9:$AR$9,0)<MATCH(I$9,$E$9:$AR$9,0),"–", IF($D19=I$9,"–", IFERROR( CORREL( INDEX('3. Enter Indicator Scores'!$D$10:$CZ$161,0,MATCH($D19,'3. Enter Indicator Scores'!$D$9:$CZ$9,0)), INDEX('3. Enter Indicator Scores'!$D$10:$CZ$161,0,MATCH(I$9,'3. Enter Indicator Scores'!$D$9:$CZ$9,0)) ), "") ) ) ) | J19: =IF(OR($D19="",J$9=""),"", IF(MATCH($D19,$E$9:$AR$9,0)<MATCH(J$9,$E$9:$AR$9,0),"–", IF($D19=J$9,"–", IFERROR( CORREL( INDEX('3. Enter Indicator Scores'!$D$10:$CZ$161,0,MATCH($D19,'3. Enter Indicator Scores'!$D$9:$CZ$9,0)), INDEX('3. Enter Indicator Scores'!$D$10:$CZ$161,0,MATCH(J$9,'3. Enter Indicator Scores'!$D$9:$CZ$9,0)) ), "") ) ) ) | K19: =IF(OR($D19="",K$9=""),"", IF(MATCH($D19,$E$9:$AR$9,0)<MATCH(K$9,$E$9:$AR$9,0),"–", IF($D19=K$9,"–", IFERROR( CORREL( INDEX('3. Enter Indicator Scores'!$D$10:$CZ$161,0,MATCH($D19,'3. Enter Indicator Scores'!$D$9:$CZ$9,0)), INDEX('3. Enter Indicator Scores'!$D$10:$CZ$161,0,MATCH(K$9,'3. Enter Indicator Scores'!$D$9:$CZ$9,0)) ), "") ) ) ) | L19: =IF(OR($D19="",L$9=""),"", IF(MATCH($D19,$E$9:$AR$9,0)<MATCH(L$9,$E$9:$AR$9,0),"–", IF($D19=L$9,"–", IFERROR( CORREL( INDEX('3. Enter Indicator Scores'!$D$10:$CZ$161,0,MATCH($D19,'3. Enter Indicator Scores'!$D$9:$CZ$9,0)), INDEX('3. Enter Indicator Scores'!$D$10:$CZ$161,0,MATCH(L$9,'3. Enter Indicator Scores'!$D$9:$CZ$9,0)) ), "") ) ) ) | ... AR19: =IF(OR($D19="",AR$9=""),"", IF(MATCH($D19,$E$9:$AR$9,0)<MATCH(AR$9,$E$9:$AR$9,0),"–", IF($D19=AR$9,"–", IFERROR( CORREL( INDEX('3. Enter Indicator Scores'!$D$10:$CZ$161,0,MATCH($D19,'3. Enter Indicator Scores'!$D$9:$CZ$9,0)), INDEX('3. Enter Indicator Scores'!$D$10:$CZ$161,0,MATCH(AR$9,'3. Enter Indicator Scores'!$D$9:$CZ$9,0)) ), "") ) ) )
B20: =IF($D20="","",_xlfn.XLOOKUP($D20,tbl_define_indicators[Indicator ID],tbl_define_indicators[Pillar])) | D20: =IF($C20="","",_xlfn.XLOOKUP($C20,tbl_define_indicators[Indicator],tbl_define_indicators[Indicator ID])) | E20: =IF(OR($D20="",E$9=""),"", IF(MATCH($D20,$E$9:$AR$9,0)<MATCH(E$9,$E$9:$AR$9,0),"–", IF($D20=E$9,"–", IFERROR( CORREL( INDEX('3. Enter Indicator Scores'!$D$10:$CZ$161,0,MATCH($D20,'3. Enter Indicator Scores'!$D$9:$CZ$9,0)), INDEX('3. Enter Indicator Scores'!$D$10:$CZ$161,0,MATCH(E$9,'3. Enter Indicator Scores'!$D$9:$CZ$9,0)) ), "") ) ) ) | F20: =IF(OR($D20="",F$9=""),"", IF(MATCH($D20,$E$9:$AR$9,0)<MATCH(F$9,$E$9:$AR$9,0),"–", IF($D20=F$9,"–", IFERROR( CORREL( INDEX('3. Enter Indicator Scores'!$D$10:$CZ$161,0,MATCH($D20,'3. Enter Indicator Scores'!$D$9:$CZ$9,0)), INDEX('3. Enter Indicator Scores'!$D$10:$CZ$161,0,MATCH(F$9,'3. Enter Indicator Scores'!$D$9:$CZ$9,0)) ), "") ) ) ) | G20: =IF(OR($D20="",G$9=""),"", IF(MATCH($D20,$E$9:$AR$9,0)<MATCH(G$9,$E$9:$AR$9,0),"–", IF($D20=G$9,"–", IFERROR( CORREL( INDEX('3. Enter Indicator Scores'!$D$10:$CZ$161,0,MATCH($D20,'3. Enter Indicator Scores'!$D$9:$CZ$9,0)), INDEX('3. Enter Indicator Scores'!$D$10:$CZ$161,0,MATCH(G$9,'3. Enter Indicator Scores'!$D$9:$CZ$9,0)) ), "") ) ) ) | H20: =IF(OR($D20="",H$9=""),"", IF(MATCH($D20,$E$9:$AR$9,0)<MATCH(H$9,$E$9:$AR$9,0),"–", IF($D20=H$9,"–", IFERROR( CORREL( INDEX('3. Enter Indicator Scores'!$D$10:$CZ$161,0,MATCH($D20,'3. Enter Indicator Scores'!$D$9:$CZ$9,0)), INDEX('3. Enter Indicator Scores'!$D$10:$CZ$161,0,MATCH(H$9,'3. Enter Indicator Scores'!$D$9:$CZ$9,0)) ), "") ) ) ) | I20: =IF(OR($D20="",I$9=""),"", IF(MATCH($D20,$E$9:$AR$9,0)<MATCH(I$9,$E$9:$AR$9,0),"–", IF($D20=I$9,"–", IFERROR( CORREL( INDEX('3. Enter Indicator Scores'!$D$10:$CZ$161,0,MATCH($D20,'3. Enter Indicator Scores'!$D$9:$CZ$9,0)), INDEX('3. Enter Indicator Scores'!$D$10:$CZ$161,0,MATCH(I$9,'3. Enter Indicator Scores'!$D$9:$CZ$9,0)) ), "") ) ) ) | J20: =IF(OR($D20="",J$9=""),"", IF(MATCH($D20,$E$9:$AR$9,0)<MATCH(J$9,$E$9:$AR$9,0),"–", IF($D20=J$9,"–", IFERROR( CORREL( INDEX('3. Enter Indicator Scores'!$D$10:$CZ$161,0,MATCH($D20,'3. Enter Indicator Scores'!$D$9:$CZ$9,0)), INDEX('3. Enter Indicator Scores'!$D$10:$CZ$161,0,MATCH(J$9,'3. Enter Indicator Scores'!$D$9:$CZ$9,0)) ), "") ) ) ) | K20: =IF(OR($D20="",K$9=""),"", IF(MATCH($D20,$E$9:$AR$9,0)<MATCH(K$9,$E$9:$AR$9,0),"–", IF($D20=K$9,"–", IFERROR( CORREL( INDEX('3. Enter Indicator Scores'!$D$10:$CZ$161,0,MATCH($D20,'3. Enter Indicator Scores'!$D$9:$CZ$9,0)), INDEX('3. Enter Indicator Scores'!$D$10:$CZ$161,0,MATCH(K$9,'3. Enter Indicator Scores'!$D$9:$CZ$9,0)) ), "") ) ) ) | L20: =IF(OR($D20="",L$9=""),"", IF(MATCH($D20,$E$9:$AR$9,0)<MATCH(L$9,$E$9:$AR$9,0),"–", IF($D20=L$9,"–", IFERROR( CORREL( INDEX('3. Enter Indicator Scores'!$D$10:$CZ$161,0,MATCH($D20,'3. Enter Indicator Scores'!$D$9:$CZ$9,0)), INDEX('3. Enter Indicator Scores'!$D$10:$CZ$161,0,MATCH(L$9,'3. Enter Indicator Scores'!$D$9:$CZ$9,0)) ), "") ) ) ) | ... AR20: =IF(OR($D20="",AR$9=""),"", IF(MATCH($D20,$E$9:$AR$9,0)<MATCH(AR$9,$E$9:$AR$9,0),"–", IF($D20=AR$9,"–", IFERROR( CORREL( INDEX('3. Enter Indicator Scores'!$D$10:$CZ$161,0,MATCH($D20,'3. Enter Indicator Scores'!$D$9:$CZ$9,0)), INDEX('3. Enter Indicator Scores'!$D$10:$CZ$161,0,MATCH(AR$9,'3. Enter Indicator Scores'!$D$9:$CZ$9,0)) ), "") ) ) )
B21: =IF($D21="","",_xlfn.XLOOKUP($D21,tbl_define_indicators[Indicator ID],tbl_define_indicators[Pillar])) | D21: =IF($C21="","",_xlfn.XLOOKUP($C21,tbl_define_indicators[Indicator],tbl_define_indicators[Indicator ID])) | E21: =IF(OR($D21="",E$9=""),"", IF(MATCH($D21,$E$9:$AR$9,0)<MATCH(E$9,$E$9:$AR$9,0),"–", IF($D21=E$9,"–", IFERROR( CORREL( INDEX('3. Enter Indicator Scores'!$D$10:$CZ$161,0,MATCH($D21,'3. Enter Indicator Scores'!$D$9:$CZ$9,0)), INDEX('3. Enter Indicator Scores'!$D$10:$CZ$161,0,MATCH(E$9,'3. Enter Indicator Scores'!$D$9:$CZ$9,0)) ), "") ) ) ) | F21: =IF(OR($D21="",F$9=""),"", IF(MATCH($D21,$E$9:$AR$9,0)<MATCH(F$9,$E$9:$AR$9,0),"–", IF($D21=F$9,"–", IFERROR( CORREL( INDEX('3. Enter Indicator Scores'!$D$10:$CZ$161,0,MATCH($D21,'3. Enter Indicator Scores'!$D$9:$CZ$9,0)), INDEX('3. Enter Indicator Scores'!$D$10:$CZ$161,0,MATCH(F$9,'3. Enter Indicator Scores'!$D$9:$CZ$9,0)) ), "") ) ) ) | G21: =IF(OR($D21="",G$9=""),"", IF(MATCH($D21,$E$9:$AR$9,0)<MATCH(G$9,$E$9:$AR$9,0),"–", IF($D21=G$9,"–", IFERROR( CORREL( INDEX('3. Enter Indicator Scores'!$D$10:$CZ$161,0,MATCH($D21,'3. Enter Indicator Scores'!$D$9:$CZ$9,0)), INDEX('3. Enter Indicator Scores'!$D$10:$CZ$161,0,MATCH(G$9,'3. Enter Indicator Scores'!$D$9:$CZ$9,0)) ), "") ) ) ) | H21: =IF(OR($D21="",H$9=""),"", IF(MATCH($D21,$E$9:$AR$9,0)<MATCH(H$9,$E$9:$AR$9,0),"–", IF($D21=H$9,"–", IFERROR( CORREL( INDEX('3. Enter Indicator Scores'!$D$10:$CZ$161,0,MATCH($D21,'3. Enter Indicator Scores'!$D$9:$CZ$9,0)), INDEX('3. Enter Indicator Scores'!$D$10:$CZ$161,0,MATCH(H$9,'3. Enter Indicator Scores'!$D$9:$CZ$9,0)) ), "") ) ) ) | I21: =IF(OR($D21="",I$9=""),"", IF(MATCH($D21,$E$9:$AR$9,0)<MATCH(I$9,$E$9:$AR$9,0),"–", IF($D21=I$9,"–", IFERROR( CORREL( INDEX('3. Enter Indicator Scores'!$D$10:$CZ$161,0,MATCH($D21,'3. Enter Indicator Scores'!$D$9:$CZ$9,0)), INDEX('3. Enter Indicator Scores'!$D$10:$CZ$161,0,MATCH(I$9,'3. Enter Indicator Scores'!$D$9:$CZ$9,0)) ), "") ) ) ) | J21: =IF(OR($D21="",J$9=""),"", IF(MATCH($D21,$E$9:$AR$9,0)<MATCH(J$9,$E$9:$AR$9,0),"–", IF($D21=J$9,"–", IFERROR( CORREL( INDEX('3. Enter Indicator Scores'!$D$10:$CZ$161,0,MATCH($D21,'3. Enter Indicator Scores'!$D$9:$CZ$9,0)), INDEX('3. Enter Indicator Scores'!$D$10:$CZ$161,0,MATCH(J$9,'3. Enter Indicator Scores'!$D$9:$CZ$9,0)) ), "") ) ) ) | K21: =IF(OR($D21="",K$9=""),"", IF(MATCH($D21,$E$9:$AR$9,0)<MATCH(K$9,$E$9:$AR$9,0),"–", IF($D21=K$9,"–", IFERROR( CORREL( INDEX('3. Enter Indicator Scores'!$D$10:$CZ$161,0,MATCH($D21,'3. Enter Indicator Scores'!$D$9:$CZ$9,0)), INDEX('3. Enter Indicator Scores'!$D$10:$CZ$161,0,MATCH(K$9,'3. Enter Indicator Scores'!$D$9:$CZ$9,0)) ), "") ) ) ) | L21: =IF(OR($D21="",L$9=""),"", IF(MATCH($D21,$E$9:$AR$9,0)<MATCH(L$9,$E$9:$AR$9,0),"–", IF($D21=L$9,"–", IFERROR( CORREL( INDEX('3. Enter Indicator Scores'!$D$10:$CZ$161,0,MATCH($D21,'3. Enter Indicator Scores'!$D$9:$CZ$9,0)), INDEX('3. Enter Indicator Scores'!$D$10:$CZ$161,0,MATCH(L$9,'3. Enter Indicator Scores'!$D$9:$CZ$9,0)) ), "") ) ) ) | ... AR21: =IF(OR($D21="",AR$9=""),"", IF(MATCH($D21,$E$9:$AR$9,0)<MATCH(AR$9,$E$9:$AR$9,0),"–", IF($D21=AR$9,"–", IFERROR( CORREL( INDEX('3. Enter Indicator Scores'!$D$10:$CZ$161,0,MATCH($D21,'3. Enter Indicator Scores'!$D$9:$CZ$9,0)), INDEX('3. Enter Indicator Scores'!$D$10:$CZ$161,0,MATCH(AR$9,'3. Enter Indicator Scores'!$D$9:$CZ$9,0)) ), "") ) ) )
B22: =IF($D22="","",_xlfn.XLOOKUP($D22,tbl_define_indicators[Indicator ID],tbl_define_indicators[Pillar])) | D22: =IF($C22="","",_xlfn.XLOOKUP($C22,tbl_define_indicators[Indicator],tbl_define_indicators[Indicator ID])) | E22: =IF(OR($D22="",E$9=""),"", IF(MATCH($D22,$E$9:$AR$9,0)<MATCH(E$9,$E$9:$AR$9,0),"–", IF($D22=E$9,"–", IFERROR( CORREL( INDEX('3. Enter Indicator Scores'!$D$10:$CZ$161,0,MATCH($D22,'3. Enter Indicator Scores'!$D$9:$CZ$9,0)), INDEX('3. Enter Indicator Scores'!$D$10:$CZ$161,0,MATCH(E$9,'3. Enter Indicator Scores'!$D$9:$CZ$9,0)) ), "") ) ) ) | F22: =IF(OR($D22="",F$9=""),"", IF(MATCH($D22,$E$9:$AR$9,0)<MATCH(F$9,$E$9:$AR$9,0),"–", IF($D22=F$9,"–", IFERROR( CORREL( INDEX('3. Enter Indicator Scores'!$D$10:$CZ$161,0,MATCH($D22,'3. Enter Indicator Scores'!$D$9:$CZ$9,0)), INDEX('3. Enter Indicator Scores'!$D$10:$CZ$161,0,MATCH(F$9,'3. Enter Indicator Scores'!$D$9:$CZ$9,0)) ), "") ) ) ) | G22: =IF(OR($D22="",G$9=""),"", IF(MATCH($D22,$E$9:$AR$9,0)<MATCH(G$9,$E$9:$AR$9,0),"–", IF($D22=G$9,"–", IFERROR( CORREL( INDEX('3. Enter Indicator Scores'!$D$10:$CZ$161,0,MATCH($D22,'3. Enter Indicator Scores'!$D$9:$CZ$9,0)), INDEX('3. Enter Indicator Scores'!$D$10:$CZ$161,0,MATCH(G$9,'3. Enter Indicator Scores'!$D$9:$CZ$9,0)) ), "") ) ) ) | H22: =IF(OR($D22="",H$9=""),"", IF(MATCH($D22,$E$9:$AR$9,0)<MATCH(H$9,$E$9:$AR$9,0),"–", IF($D22=H$9,"–", IFERROR( CORREL( INDEX('3. Enter Indicator Scores'!$D$10:$CZ$161,0,MATCH($D22,'3. Enter Indicator Scores'!$D$9:$CZ$9,0)), INDEX('3. Enter Indicator Scores'!$D$10:$CZ$161,0,MATCH(H$9,'3. Enter Indicator Scores'!$D$9:$CZ$9,0)) ), "") ) ) ) | I22: =IF(OR($D22="",I$9=""),"", IF(MATCH($D22,$E$9:$AR$9,0)<MATCH(I$9,$E$9:$AR$9,0),"–", IF($D22=I$9,"–", IFERROR( CORREL( INDEX('3. Enter Indicator Scores'!$D$10:$CZ$161,0,MATCH($D22,'3. Enter Indicator Scores'!$D$9:$CZ$9,0)), INDEX('3. Enter Indicator Scores'!$D$10:$CZ$161,0,MATCH(I$9,'3. Enter Indicator Scores'!$D$9:$CZ$9,0)) ), "") ) ) ) | J22: =IF(OR($D22="",J$9=""),"", IF(MATCH($D22,$E$9:$AR$9,0)<MATCH(J$9,$E$9:$AR$9,0),"–", IF($D22=J$9,"–", IFERROR( CORREL( INDEX('3. Enter Indicator Scores'!$D$10:$CZ$161,0,MATCH($D22,'3. Enter Indicator Scores'!$D$9:$CZ$9,0)), INDEX('3. Enter Indicator Scores'!$D$10:$CZ$161,0,MATCH(J$9,'3. Enter Indicator Scores'!$D$9:$CZ$9,0)) ), "") ) ) ) | K22: =IF(OR($D22="",K$9=""),"", IF(MATCH($D22,$E$9:$AR$9,0)<MATCH(K$9,$E$9:$AR$9,0),"–", IF($D22=K$9,"–", IFERROR( CORREL( INDEX('3. Enter Indicator Scores'!$D$10:$CZ$161,0,MATCH($D22,'3. Enter Indicator Scores'!$D$9:$CZ$9,0)), INDEX('3. Enter Indicator Scores'!$D$10:$CZ$161,0,MATCH(K$9,'3. Enter Indicator Scores'!$D$9:$CZ$9,0)) ), "") ) ) ) | L22: =IF(OR($D22="",L$9=""),"", IF(MATCH($D22,$E$9:$AR$9,0)<MATCH(L$9,$E$9:$AR$9,0),"–", IF($D22=L$9,"–", IFERROR( CORREL( INDEX('3. Enter Indicator Scores'!$D$10:$CZ$161,0,MATCH($D22,'3. Enter Indicator Scores'!$D$9:$CZ$9,0)), INDEX('3. Enter Indicator Scores'!$D$10:$CZ$161,0,MATCH(L$9,'3. Enter Indicator Scores'!$D$9:$CZ$9,0)) ), "") ) ) ) | ... AR22: =IF(OR($D22="",AR$9=""),"", IF(MATCH($D22,$E$9:$AR$9,0)<MATCH(AR$9,$E$9:$AR$9,0),"–", IF($D22=AR$9,"–", IFERROR( CORREL( INDEX('3. Enter Indicator Scores'!$D$10:$CZ$161,0,MATCH($D22,'3. Enter Indicator Scores'!$D$9:$CZ$9,0)), INDEX('3. Enter Indicator Scores'!$D$10:$CZ$161,0,MATCH(AR$9,'3. Enter Indicator Scores'!$D$9:$CZ$9,0)) ), "") ) ) )
... B49: =IF($D49="","",_xlfn.XLOOKUP($D49,tbl_define_indicators[Indicator ID],tbl_define_indicators[Pillar])) | D49: =IF($C49="","",_xlfn.XLOOKUP($C49,tbl_define_indicators[Indicator],tbl_define_indicators[Indicator ID])) | E49: =IF(OR($D49="",E$9=""),"", IF(MATCH($D49,$E$9:$AR$9,0)<MATCH(E$9,$E$9:$AR$9,0),"–", IF($D49=E$9,"–", IFERROR( CORREL( INDEX('3. Enter Indicator Scores'!$D$10:$CZ$161,0,MATCH($D49,'3. Enter Indicator Scores'!$D$9:$CZ$9,0)), INDEX('3. Enter Indicator Scores'!$D$10:$CZ$161,0,MATCH(E$9,'3. Enter Indicator Scores'!$D$9:$CZ$9,0)) ), "") ) ) ) | F49: =IF(OR($D49="",F$9=""),"", IF(MATCH($D49,$E$9:$AR$9,0)<MATCH(F$9,$E$9:$AR$9,0),"–", IF($D49=F$9,"–", IFERROR( CORREL( INDEX('3. Enter Indicator Scores'!$D$10:$CZ$161,0,MATCH($D49,'3. Enter Indicator Scores'!$D$9:$CZ$9,0)), INDEX('3. Enter Indicator Scores'!$D$10:$CZ$161,0,MATCH(F$9,'3. Enter Indicator Scores'!$D$9:$CZ$9,0)) ), "") ) ) ) | G49: =IF(OR($D49="",G$9=""),"", IF(MATCH($D49,$E$9:$AR$9,0)<MATCH(G$9,$E$9:$AR$9,0),"–", IF($D49=G$9,"–", IFERROR( CORREL( INDEX('3. Enter Indicator Scores'!$D$10:$CZ$161,0,MATCH($D49,'3. Enter Indicator Scores'!$D$9:$CZ$9,0)), INDEX('3. Enter Indicator Scores'!$D$10:$CZ$161,0,MATCH(G$9,'3. Enter Indicator Scores'!$D$9:$CZ$9,0)) ), "") ) ) ) | H49: =IF(OR($D49="",H$9=""),"", IF(MATCH($D49,$E$9:$AR$9,0)<MATCH(H$9,$E$9:$AR$9,0),"–", IF($D49=H$9,"–", IFERROR( CORREL( INDEX('3. Enter Indicator Scores'!$D$10:$CZ$161,0,MATCH($D49,'3. Enter Indicator Scores'!$D$9:$CZ$9,0)), INDEX('3. Enter Indicator Scores'!$D$10:$CZ$161,0,MATCH(H$9,'3. Enter Indicator Scores'!$D$9:$CZ$9,0)) ), "") ) ) ) | I49: =IF(OR($D49="",I$9=""),"", IF(MATCH($D49,$E$9:$AR$9,0)<MATCH(I$9,$E$9:$AR$9,0),"–", IF($D49=I$9,"–", IFERROR( CORREL( INDEX('3. Enter Indicator Scores'!$D$10:$CZ$161,0,MATCH($D49,'3. Enter Indicator Scores'!$D$9:$CZ$9,0)), INDEX('3. Enter Indicator Scores'!$D$10:$CZ$161,0,MATCH(I$9,'3. Enter Indicator Scores'!$D$9:$CZ$9,0)) ), "") ) ) ) | J49: =IF(OR($D49="",J$9=""),"", IF(MATCH($D49,$E$9:$AR$9,0)<MATCH(J$9,$E$9:$AR$9,0),"–", IF($D49=J$9,"–", IFERROR( CORREL( INDEX('3. Enter Indicator Scores'!$D$10:$CZ$161,0,MATCH($D49,'3. Enter Indicator Scores'!$D$9:$CZ$9,0)), INDEX('3. Enter Indicator Scores'!$D$10:$CZ$161,0,MATCH(J$9,'3. Enter Indicator Scores'!$D$9:$CZ$9,0)) ), "") ) ) ) | K49: =IF(OR($D49="",K$9=""),"", IF(MATCH($D49,$E$9:$AR$9,0)<MATCH(K$9,$E$9:$AR$9,0),"–", IF($D49=K$9,"–", IFERROR( CORREL( INDEX('3. Enter Indicator Scores'!$D$10:$CZ$161,0,MATCH($D49,'3. Enter Indicator Scores'!$D$9:$CZ$9,0)), INDEX('3. Enter Indicator Scores'!$D$10:$CZ$161,0,MATCH(K$9,'3. Enter Indicator Scores'!$D$9:$CZ$9,0)) ), "") ) ) ) | L49: =IF(OR($D49="",L$9=""),"", IF(MATCH($D49,$E$9:$AR$9,0)<MATCH(L$9,$E$9:$AR$9,0),"–", IF($D49=L$9,"–", IFERROR( CORREL( INDEX('3. Enter Indicator Scores'!$D$10:$CZ$161,0,MATCH($D49,'3. Enter Indicator Scores'!$D$9:$CZ$9,0)), INDEX('3. Enter Indicator Scores'!$D$10:$CZ$161,0,MATCH(L$9,'3. Enter Indicator Scores'!$D$9:$CZ$9,0)) ), "") ) ) ) | ... AR49: =IF(OR($D49="",AR$9=""),"", IF(MATCH($D49,$E$9:$AR$9,0)<MATCH(AR$9,$E$9:$AR$9,0),"–", IF($D49=AR$9,"–", IFERROR( CORREL( INDEX('3. Enter Indicator Scores'!$D$10:$CZ$161,0,MATCH($D49,'3. Enter Indicator Scores'!$D$9:$CZ$9,0)), INDEX('3. Enter Indicator Scores'!$D$10:$CZ$161,0,MATCH(AR$9,'3. Enter Indicator Scores'!$D$9:$CZ$9,0)) ), "") ) ) )

Sheet Geographic Reference
B2: Geographic Reference
B3: This sheet provides the list of subnational areas available for each country, sourced from WHO's GIS database. It is used as a reference for location selection elsewhere in the workbook. Subnational P-codes are sourced from OCHA's Common Operational Datasets and are not available for every country. Where a P-code is blank, OCHA has not published one for that unit; the country and subnational names are still complete and usable for scoring. "Subnational Level" refers to the first administrative level below the national level (e.g., oblast, province, state, region, governorate), as named by the source dataset for that country or territory.
B5: ISO3 | C5: Country / Territory | D5: Subnational P-code | E5: Subnational Level
B6: AFG | C6: Afghanistan | D6: AF17 | E6: Badakhshan
B7: AFG | C7: Afghanistan | D7: AF31 | E7: Badghis
B8: AFG | C8: Afghanistan | D8: AF09 | E8: Baghlan
B9: AFG | C9: Afghanistan | D9: AF21 | E9: Balkh
B10: AFG | C10: Afghanistan | D10: AF10 | E10: Bamyan
B11: AFG | C11: Afghanistan | D11: AF24 | E11: Daykundi
B12: AFG | C12: Afghanistan | D12: AF33 | E12: Farah
B13: AFG | C13: Afghanistan | D13: AF29 | E13: Faryab
B14: AFG | C14: Afghanistan | D14: AF11 | E14: Ghazni
B15: AFG | C15: Afghanistan | D15: AF23 | E15: Ghor
B16: AFG | C16: Afghanistan | D16: AF30 | E16: Hilmand
... B39: AFG | C39: Afghanistan | D39: AF26 | E39: Zabul
B40: ALB | C40: Albania | E40: Berat
B41: ALB | C41: Albania | E41: Bulqize
B42: ALB | C42: Albania | E42: Delvine
B43: ALB | C43: Albania | E43: Devoll
B44: ALB | C44: Albania | E44: Diber
B45: ALB | C45: Albania | E45: Durres
B46: ALB | C46: Albania | E46: Elbasan
B47: ALB | C47: Albania | E47: Fier
B48: ALB | C48: Albania | E48: Gjirokaster
B49: ALB | C49: Albania | E49: Gramsh
B50: ALB | C50: Albania | E50: Has
B51: ALB | C51: Albania | E51: Kavaje
... B75: ALB | C75: Albania | E75: Vlore
B76: DZA | C76: Algeria | D76: DZ001 | E76: Adrar
B77: DZA | C77: Algeria | D77: DZ002 | E77: Ain Dafla
B78: DZA | C78: Algeria | D78: DZ003 | E78: Ain Tamouchent
B79: DZA | C79: Algeria | D79: DZ004 | E79: Alger
B80: DZA | C80: Algeria | D80: DZ005 | E80: Annaba
B81: DZA | C81: Algeria | D81: DZ006 | E81: Batna
B82: DZA | C82: Algeria | D82: DZ007 | E82: Bechar
B83: DZA | C83: Algeria | D83: DZ008 | E83: Bejaia
B84: DZA | C84: Algeria | D84: DZ009 | E84: Biskra
B85: DZA | C85: Algeria | D85: DZ010 | E85: Blida
B86: DZA | C86: Algeria | D86: DZ011 | E86: Bordj Bou Arreridj
B87: DZA | C87: Algeria | D87: DZ012 | E87: Bouira
... B123: DZA | C123: Algeria | D123: DZ048 | E123: Tlemcen
B124: AND | C124: Andorra | E124: Andorra La Vella
B125: AND | C125: Andorra | E125: Canillo
B126: AND | C126: Andorra | E126: Encamp
B127: AND | C127: Andorra | E127: Escaldes Engordany
B128: AND | C128: Andorra | E128: La Massana
B129: AND | C129: Andorra | E129: Ordino
B130: AND | C130: Andorra | E130: Sant Julia De Loria
B131: AGO | C131: Angola | D131: AO01 | E131: Bengo
B132: AGO | C132: Angola | D132: AO02 | E132: Benguela
B133: AGO | C133: Angola | D133: AO03 | E133: Bié
B134: AGO | C134: Angola | D134: AO04 | E134: Cabinda
B135: AGO | C135: Angola | D135: AO05 | E135: Cuando Cubango
B136: AGO | C136: Angola | D136: AO06 | E136: Cuanza Norte
B137: AGO | C137: Angola | D137: AO07 | E137: Cuanza Sul
B138: AGO | C138: Angola | D138: AO08 | E138: Cunene
B139: AGO | C139: Angola | D139: AO10 | E139: Huambo
B140: AGO | C140: Angola | D140: AO09 | E140: Huíla
B141: AGO | C141: Angola | D141: AO11 | E141: Luanda
B142: AGO | C142: Angola | D142: AO12 | E142: Lunda Norte
... B148: AGO | C148: Angola | D148: AO18 | E148: Zaire
B149: ATG | C149: Antigua and Barbuda | E149: Barbuda
B150: ATG | C150: Antigua and Barbuda | E150: Redonda
B151: ATG | C151: Antigua and Barbuda | E151: St. George
B152: ATG | C152: Antigua and Barbuda | E152: St. John
B153: ATG | C153: Antigua and Barbuda | E153: St. Mary
B154: ATG | C154: Antigua and Barbuda | E154: St. Paul
B155: ATG | C155: Antigua and Barbuda | E155: St. Peter
B156: ATG | C156: Antigua and Barbuda | E156: St. Philip
B157: ARG | C157: Argentina | E157: Buenos Aires
B158: ARG | C158: Argentina | E158: Catamarca
B159: ARG | C159: Argentina | E159: Chaco
B160: ARG | C160: Argentina | E160: Chubut
... B180: ARG | C180: Argentina | E180: Tucuman
B181: ARM | C181: Armenia | D181: AM02 | E181: Aragatsotn
B182: ARM | C182: Armenia | D182: AM03 | E182: Ararat
B183: ARM | C183: Armenia | D183: AM04 | E183: Armavir
B184: ARM | C184: Armenia | D184: AM05 | E184: Gegharkunik
B185: ARM | C185: Armenia | D185: AM07 | E185: Kotayk
B186: ARM | C186: Armenia | D186: AM06 | E186: Lori
B187: ARM | C187: Armenia | D187: AM08 | E187: Shirak
B188: ARM | C188: Armenia | D188: AM09 | E188: Syunik
B189: ARM | C189: Armenia | D189: AM11 | E189: Tavush
B190: ARM | C190: Armenia | D190: AM10 | E190: Vayots Dzor
B191: ARM | C191: Armenia | D191: AM01 | E191: Yerevan
B192: AUS | C192: Australia | E192: Australian Capital Territory
B193: AUS | C193: Australia | E193: New South Wales
B194: AUS | C194: Australia | E194: Northern Territory
B195: AUS | C195: Australia | E195: Queensland
B196: AUS | C196: Australia | E196: South Australia
B197: AUS | C197: Australia | E197: Tasmania
B198: AUS | C198: Australia | E198: Victoria
B199: AUS | C199: Australia | E199: Western Australia
B200: AUS | C200: Australia | E200: Other Territories
B201: AUT | C201: Austria | E201: Burgenland
B202: AUT | C202: Austria | E202: Carinthia
B203: AUT | C203: Austria | E203: Lower Austria
... B209: AUT | C209: Austria | E209: Vienna
B210: AZE | C210: Azerbaijan | D210: AZ30800001 | E210: Absheron
B211: AZE | C211: Azerbaijan | E211: Aran
...

Sheet _validation
B2: adm0 | D2: pillar_list | G2: boolean_flag | I2: status_list
B3: {=_xlfn._xlws.SORT( _xlfn.UNIQUE( tbl_geo[Country / Territory] ) )} -> Afghanistan | D3: pillars | E3: sort_order | G3: TRUE | I3: status | J3: is_terminal
B4: Albania | D4: Exposure | E4: 1 | G4: FALSE | I4: Proposed | J4: FALSE
B5: Algeria | D5: Vulnerability | E5: 2 | I5: Source Confirmed | J5: FALSE
B6: Andorra | D6: Coping Capacity | E6: 3 | I6: Method Defined | J6: FALSE
B7: Angola | I7: Final | J7: TRUE
B8: Antigua and Barbuda | I8: Excluded | J8: TRUE
B9: Argentina | I9: Needs Refresh | J9: FALSE
B10: Armenia
B11: Australia
B12: Austria
B13: Azerbaijan
B14: Bahamas
B15: Bahrain
B16: Bangladesh
B17: Barbados
B18: Belarus
B19: Belgium
B20: Belize
B21: Benin
... B195: Zimbabwe
